Machine_ID,Machine_Type,Operating_Hours,Engine_Temperature,Oil_Pressure,Vibration,Machine_Age,Failure
MAQ-0001,Tractor,6745,114.92929785528251,16.527637774284266,1.9569448043394206,4,1
MAQ-0002,Harvester,7202,62.03675871514793,61.46527803229124,11.972637794777501,9,0
MAQ-0003,Tractor,7412,101.84521603481039,82.43761039494854,5.000616544297884,7,0
MAQ-0004,Tractor,5420,77.84094044235304,54.211772842328934,7.058736314389677,19,0
MAQ-0005,Tractor,5124,115.46377172259182,80.57757234231643,10.596214365106622,19,1
MAQ-0006,Harvester,6232,118.26349470992207,18.658051550021664,5.6543862000819685,6,1
MAQ-0007,Tractor,7991,116.65598934680604,44.31553233519129,1.7921991860540187,6,1
MAQ-0008,Tractor,2608,88.45285299944783,33.21104536734358,6.234894658179391,15,0
MAQ-0009,Tractor,2879,111.72255905935882,66.15746754865108,14.222280157720249,15,1
MAQ-0010,Harvester,6995,110.67296391210422,83.69079633480726,9.984281562179815,9,1
MAQ-0011,Tractor,1024,79.14602839459533,32.957104371097344,10.400708081340897,4,0
MAQ-0012,Tractor,3056,109.73492844904064,60.79222210318521,9.851950150926958,18,1
MAQ-0013,Tractor,1681,62.220458082929554,28.86683429318181,3.785889945432115,18,0
MAQ-0014,Tractor,7814,95.77619270892319,54.57311782001269,6.856674097431922,5,0
MAQ-0015,Harvester,3424,73.80053023726218,47.47527406818353,11.513157177086455,11,0
MAQ-0016,Tractor,4585,67.23401314663673,83.0403730742076,2.419220565744228,5,0
MAQ-0017,Harvester,5813,64.61719209775255,57.59690908875266,4.889938865255972,4,0
MAQ-0018,Harvester,7126,101.77732655268838,39.46544604607732,4.868467518521951,12,0
MAQ-0019,Harvester,355,80.39249782608397,22.986704942155335,7.048264986323084,2,1
MAQ-0020,Tractor,4904,103.48600629172569,25.58727801144542,14.72516237319059,13,1
MAQ-0021,Harvester,1938,63.92138044793654,30.772185096586455,1.9450356535735072,10,0
MAQ-0022,Tractor,2044,78.91742026983661,32.567666293820864,8.26181392132833,9,0
MAQ-0023,Harvester,6693,92.36947754252023,74.54312404887965,3.5111055481709466,10,0
MAQ-0024,Harvester,109,107.44338989033781,54.28559517977674,14.589471635736418,7,1
MAQ-0025,Harvester,2971,79.12515017592419,51.63736379620565,2.586249066184499,4,0
MAQ-0026,Harvester,897,97.55348258622055,23.033821030845225,6.650414033062278,19,1
MAQ-0027,Harvester,7509,113.15866489417124,75.20977853446044,11.330389787684487,10,1
MAQ-0028,Harvester,7518,96.95179129093827,65.59700122459387,10.863761992384234,3,0
MAQ-0029,Harvester,5072,73.97756848521803,19.73678533300011,6.918200916515051,19,1
MAQ-0030,Harvester,5224,61.46404689339228,64.5484568060838,5.851338351338056,2,0
MAQ-0031,Tractor,7386,112.2059324340558,53.04767521398522,6.566573299740188,10,1
MAQ-0032,Tractor,1115,61.27616465102323,20.720774202274477,4.6998676842209495,2,1
MAQ-0033,Harvester,1924,112.48210036105196,47.08104490700595,3.8746611418951975,2,1
MAQ-0034,Harvester,4569,91.73622804163273,48.92874009910329,7.76255576582446,17,0
MAQ-0035,Harvester,3236,116.34406191077377,26.6042178114293,4.7594725849465025,16,1
MAQ-0036,Tractor,2293,107.92699414641993,81.19887029001976,5.024463308561502,16,1
MAQ-0037,Harvester,323,119.87604663200025,74.49827600364634,10.1945848886438,14,1
MAQ-0038,Tractor,5458,81.04270892710261,61.83156361303758,14.559522643798491,7,1
MAQ-0039,Tractor,6420,106.0312973358676,47.360689270042506,9.45092080783125,11,1
MAQ-0040,Tractor,5998,84.11585481655453,43.82358791091559,2.0777125389095277,1,0
MAQ-0041,Tractor,5048,88.79253721823453,60.56814270056679,2.0581705939569375,11,0
MAQ-0042,Tractor,7549,97.6503277931022,53.180230858483384,14.319925091837924,4,1
MAQ-0043,Harvester,4258,112.42062685118032,19.359117411731994,5.162071064302671,7,1
MAQ-0044,Harvester,5436,119.04500815195772,50.87518541392322,2.288937805154656,15,1
MAQ-0045,Harvester,4025,106.0964048318711,71.44825320629877,9.386624220105341,18,1
MAQ-0046,Harvester,7070,85.06600693004003,47.146791431787065,9.731082896063725,12,0
MAQ-0047,Harvester,7038,85.2814201366242,18.636960428798787,10.079067481661633,17,1
MAQ-0048,Tractor,4884,104.25493809533349,70.03947395688232,4.743628390005578,1,0
MAQ-0049,Harvester,5680,74.32662874609814,29.095464749518207,1.2115495790026505,11,0
MAQ-0050,Harvester,4100,66.62844678788368,33.10345844216272,14.510215172362606,1,1
MAQ-0051,Tractor,1733,81.27732945844659,26.529444740260715,4.512502639675435,15,0
MAQ-0052,Harvester,2252,77.2343394992449,38.115054541004824,10.464368032735665,10,0
MAQ-0053,Tractor,7366,77.7784872273594,67.97260539820445,10.892818178301933,7,0
MAQ-0054,Harvester,610,74.0164650629946,51.35701016527561,9.540103839112799,2,0
MAQ-0055,Tractor,484,62.525591378181716,29.34168919054988,5.380703518991075,10,0
MAQ-0056,Harvester,504,61.07243608400483,76.44810547064286,4.795347552696921,4,0
MAQ-0057,Harvester,7066,119.26334338416189,76.57072984660704,9.367355957837844,12,1
MAQ-0058,Tractor,4713,85.66638802415174,75.94048975322048,13.12533887056368,19,1
MAQ-0059,Tractor,4671,83.05959882958089,31.71573479670775,14.254272204927538,11,1
MAQ-0060,Tractor,2100,100.77883696158419,46.58675409266917,2.4826812616526066,8,0
MAQ-0061,Tractor,2856,73.09523327190385,83.94927592986126,3.167600576368078,18,0
MAQ-0062,Tractor,1768,116.99767103701352,69.04087334169932,14.226307622963116,11,1
MAQ-0063,Tractor,6089,107.18070086493313,16.901719485789187,11.311493196687096,11,1
MAQ-0064,Tractor,7014,65.36466013873557,19.564321388234443,13.361913547616822,13,1
MAQ-0065,Tractor,1560,85.0548465470957,47.475196376863295,3.836856877894804,3,0
MAQ-0066,Harvester,7290,112.74709845372988,78.64541441030921,9.226202195531625,12,1
MAQ-0067,Harvester,7240,116.68392133748462,52.709125856689994,10.81595432184463,3,1
MAQ-0068,Tractor,3736,88.04409067499219,49.846875562400314,10.521566396257617,10,0
MAQ-0069,Harvester,2824,96.80468335264246,22.38315899696414,6.714123672133773,17,1
MAQ-0070,Harvester,4909,70.02203676552452,60.974607330700586,1.2155284836783187,2,0
MAQ-0071,Harvester,7725,119.4701175682186,72.54722124201578,9.160964795259684,17,1
MAQ-0072,Harvester,4278,73.90030208300661,41.62940052552936,4.543421548514523,16,0
MAQ-0073,Tractor,5364,116.56390644810753,69.29282956477292,7.303559446000465,2,1
MAQ-0074,Harvester,7352,98.97879893954212,82.51336577305682,14.406134211173443,6,1
MAQ-0075,Tractor,7345,96.46420769273155,29.263652138938237,6.586494446994086,10,0
MAQ-0076,Harvester,6700,90.76131066099052,51.63307418363189,12.757222493301974,10,1
MAQ-0077,Harvester,6097,73.84018870306552,35.09965706592028,3.639568480489516,8,0
MAQ-0078,Harvester,2148,70.5916819203305,70.49980933236876,10.414446972350405,1,0
MAQ-0079,Tractor,4246,73.22917254421051,55.43153561168103,14.678097362145209,13,1
MAQ-0080,Harvester,4880,71.18629572865527,59.420769228521266,2.4265034122211153,9,0
MAQ-0081,Tractor,816,106.7750684140052,70.85399117311258,1.1164791911806882,10,1
MAQ-0082,Harvester,5665,81.0075155500038,42.71793308637184,7.070159096856601,15,0
MAQ-0083,Tractor,4644,63.47056059380378,79.05630478849302,2.2967567627191405,5,0
MAQ-0084,Harvester,5076,118.14615780844868,52.3120207072298,11.477380895467238,16,1
MAQ-0085,Tractor,4683,113.02715309780554,26.05683759847436,13.803681293879825,13,1
MAQ-0086,Tractor,1923,115.66513699171279,63.71293827181617,7.076293617922624,18,1
MAQ-0087,Harvester,2181,119.69446935878611,70.52829453067781,4.621962990176174,11,1
MAQ-0088,Tractor,3519,70.43371495316924,37.173317394726865,7.081646466092537,9,0
MAQ-0089,Harvester,6338,83.77452113415953,75.0025479899127,11.128269449900014,16,0
MAQ-0090,Harvester,7339,105.49430854224548,78.43002783360365,1.1267582621251937,2,1
MAQ-0091,Harvester,1674,101.76123708322754,34.38331411644663,9.25235585278576,2,0
MAQ-0092,Harvester,6397,69.2337543803913,83.84650309006554,9.586083588423307,12,0
MAQ-0093,Harvester,349,108.94998749943707,24.849806963413087,9.927635456543097,8,1
MAQ-0094,Harvester,773,73.46643431019965,29.1410967881743,4.3883091197322805,9,0
MAQ-0095,Harvester,4633,73.42905688935738,27.895738746661827,10.996738127293774,12,0
MAQ-0096,Harvester,2265,92.21846537360481,77.57927970055093,2.2794808086448697,9,0
MAQ-0097,Harvester,870,95.57639609050219,60.80047866274733,3.789784710535211,10,0
MAQ-0098,Harvester,4062,94.80517247026867,25.647299825559102,13.284580653162747,2,1
MAQ-0099,Harvester,7573,65.48921024386529,45.82263928578443,11.342124110171929,16,0
MAQ-0100,Tractor,4463,112.64765175782281,58.07086175488614,1.1924377561588335,7,1
MAQ-0101,Tractor,2084,75.93600255532236,20.84248594925683,4.477267645177203,2,1
MAQ-0102,Harvester,1177,67.77089527696825,76.76914578851371,4.001690761904304,1,0
MAQ-0103,Harvester,335,113.32488479213863,71.25224748090747,4.791288592517616,19,1
MAQ-0104,Harvester,488,117.3390898937852,50.36447415036468,4.46583678391841,4,1
MAQ-0105,Harvester,3137,111.72765703592704,82.69886306814193,1.8753681403998403,2,1
MAQ-0106,Harvester,4958,108.57096448349269,44.24326854925698,7.425167232355484,14,1
MAQ-0107,Harvester,1948,99.3145188383413,83.88772233255484,11.258268647006311,2,0
MAQ-0108,Harvester,6644,93.05144223654835,61.754399916253895,9.49424414604411,15,0
MAQ-0109,Harvester,4819,65.21920559468461,59.426989127775904,10.420203360373117,12,0
MAQ-0110,Tractor,2914,84.50719278424192,26.616842670704948,2.1360884995073484,5,0
MAQ-0111,Harvester,3474,82.36131102073884,76.73494308132507,14.32086994247502,7,1
MAQ-0112,Tractor,7162,75.58522702561957,44.92427815444306,12.738885673802347,10,1
MAQ-0113,Harvester,3378,103.40520682131509,26.356338404773552,12.271264458939278,14,1
MAQ-0114,Harvester,1352,89.75254410472624,15.882526398303133,12.521773270584745,14,1
MAQ-0115,Tractor,7096,64.86277295445888,54.18289785468678,14.05794711385866,5,1
MAQ-0116,Harvester,4081,73.21099211698868,51.91797354858734,8.619555525591768,18,0
MAQ-0117,Tractor,4773,100.99552581957576,65.3547535658411,3.8039482501467625,14,0
MAQ-0118,Harvester,2222,64.56785156941801,77.31806371124614,9.634970509935576,2,0
MAQ-0119,Harvester,4630,111.07241484292612,20.558460925012067,11.400340911351146,12,1
MAQ-0120,Tractor,2250,89.70879162083847,66.20475432382537,11.330843506956356,6,0
MAQ-0121,Harvester,7689,88.83519463959888,28.118836086830754,8.30028633833632,4,0
MAQ-0122,Tractor,7971,95.54446707957106,75.07239372100148,1.9584220706700928,13,0
MAQ-0123,Harvester,4959,109.48085795550895,72.33444597031593,6.195581138021789,4,1
MAQ-0124,Tractor,6981,80.86855247413158,52.85556284898811,13.890732518487003,14,1
MAQ-0125,Tractor,7049,100.68096915354381,64.71699590363181,9.182284736603965,16,0
MAQ-0126,Harvester,1429,93.94391783974746,37.00450792286239,8.536647205579989,4,0
MAQ-0127,Harvester,6341,76.02169621016529,47.98175292529702,4.763949201350709,1,0
MAQ-0128,Tractor,7041,112.71779918130949,72.51458283973301,6.158284878832105,13,1
MAQ-0129,Harvester,1458,107.8455612964157,47.148563802124976,13.53484524814437,4,1
MAQ-0130,Harvester,7102,99.50711007950554,40.04587857278092,10.3304826653757,18,0
MAQ-0131,Harvester,2582,111.03490374565452,49.59487130752099,12.02341837453266,6,1
MAQ-0132,Tractor,4642,112.03765205758813,72.97744767060529,7.360835922947172,3,1
MAQ-0133,Tractor,2117,102.50177860290208,38.46456331596109,9.82346107238621,13,0
MAQ-0134,Tractor,1431,110.22079970182033,27.163311519502066,4.477370522404906,16,1
MAQ-0135,Tractor,4444,101.84828770015702,64.84098142315466,10.876451623968808,5,0
MAQ-0136,Tractor,4361,100.80844630561802,72.81847488956572,6.986418671846723,4,0
MAQ-0137,Tractor,7748,97.11668269291106,22.044623496647333,7.195637207406438,8,1
MAQ-0138,Tractor,7227,105.16299837345846,31.79118789291613,10.090512544076343,19,1
MAQ-0139,Tractor,1458,69.51630631758442,24.938039283269575,14.107928700564973,14,1
MAQ-0140,Tractor,5215,112.85224555193571,39.35589881075167,1.896088852520693,7,1
MAQ-0141,Harvester,4737,112.31061166471392,46.52456852337889,12.546405322858107,14,1
MAQ-0142,Tractor,4954,61.75483698207355,67.41784358743146,5.093363545770703,6,0
MAQ-0143,Harvester,3277,109.54900503388576,60.580330941717186,7.21487236308929,12,1
MAQ-0144,Harvester,7830,67.73219204840672,58.46499972349018,1.3067866028501254,16,0
MAQ-0145,Harvester,2228,80.10713125554851,39.66624626267581,5.214645089680382,17,0
MAQ-0146,Tractor,2280,104.61049537749646,73.9013287159332,8.036837396821827,13,0
MAQ-0147,Tractor,4992,69.6455937628985,47.99010171787152,1.7864650828641462,14,0
MAQ-0148,Tractor,7143,109.07802144714373,83.53734566106081,7.875340211364312,7,1
MAQ-0149,Tractor,237,109.92805067746451,59.38994968070158,13.979548804017982,14,1
MAQ-0150,Harvester,6427,90.44806402565017,23.83853190951519,2.475505053509273,15,1
MAQ-0151,Tractor,3572,60.383152303010014,62.33242934528038,11.70217019305706,12,0
MAQ-0152,Tractor,5549,77.22228799049476,37.75728108021893,6.735394747263896,17,0
MAQ-0153,Tractor,2932,97.01561510254453,63.04290376802682,10.172432003340733,9,0
MAQ-0154,Tractor,3679,118.87117068164541,19.874880371368402,4.643312371793211,15,1
MAQ-0155,Tractor,6071,97.9088116210001,27.24170060231716,3.2328916755790162,12,0
MAQ-0156,Harvester,3131,75.58821486384959,74.90160812340504,3.24647659979717,2,0
MAQ-0157,Tractor,4264,98.04034218597668,30.902568991646042,1.986887239004025,5,0
MAQ-0158,Harvester,2693,92.39912278295134,73.5928787670058,3.5990538686174025,13,0
MAQ-0159,Tractor,6296,106.79072370906862,34.54932619180873,10.299071389845556,8,1
MAQ-0160,Harvester,5669,66.4188383296175,60.00173370410953,13.343668565809113,14,1
MAQ-0161,Tractor,4400,105.66167415012168,63.59054014568817,12.397759598276267,15,1
MAQ-0162,Tractor,6369,92.47599472056662,50.88583272015371,10.591880338242778,11,0
MAQ-0163,Harvester,3918,117.77952023153968,36.37174736877119,2.546046087755437,1,1
MAQ-0164,Harvester,4238,80.51232996232116,29.88510634597673,5.048624248143298,3,0
MAQ-0165,Harvester,3923,97.9573135880369,17.323254819369836,5.337296254514566,17,1
MAQ-0166,Tractor,4142,115.92168633060105,36.27624808685067,4.499397249566697,19,1
MAQ-0167,Harvester,2006,66.15058367944076,60.72139533718981,8.210079235936124,14,0
MAQ-0168,Tractor,6354,116.23370923418707,80.68133729139379,8.497753408315416,8,1
MAQ-0169,Tractor,860,101.27314333804881,75.98431375841363,5.996403652395543,13,0
MAQ-0170,Harvester,7930,64.07022354631032,68.62453435747119,5.953048222310104,3,0
MAQ-0171,Harvester,7450,78.05781401680898,70.19131402773091,12.599778370685138,5,1
MAQ-0172,Tractor,7091,102.4903253187169,61.54894324331967,12.050099876475599,9,1
MAQ-0173,Tractor,6338,64.0410360881263,33.220080029620206,5.309141643530439,6,0
MAQ-0174,Harvester,6190,94.9302276105764,78.50365214940808,13.79303821422563,2,1
MAQ-0175,Harvester,3545,80.7529834171774,61.95126183340838,14.339410238035084,13,1
MAQ-0176,Harvester,6131,97.25493106604863,54.230844168630796,5.574395588420572,5,0
MAQ-0177,Tractor,7787,62.74452202875077,22.769262844943675,5.9619492831027685,8,1
MAQ-0178,Tractor,999,112.29220836914257,46.29388806644978,8.078878147907425,1,1
MAQ-0179,Tractor,4555,118.4093381506438,47.22507898413484,14.175691375471429,12,1
MAQ-0180,Tractor,3047,118.13267131714149,75.5194526665869,13.26847206399236,11,1
MAQ-0181,Tractor,1819,104.97910990457548,53.26537541314519,2.435951476170257,7,0
MAQ-0182,Tractor,380,67.80517440783792,41.62803842792867,6.498230405799827,15,0
MAQ-0183,Harvester,3366,105.49579175574135,83.37602299574615,8.747196656496806,11,1
MAQ-0184,Tractor,1987,61.47521498752809,22.750441532842096,8.04385461572156,16,1
MAQ-0185,Tractor,3366,61.327413091739835,44.578389981836125,3.7140829511164974,3,0
MAQ-0186,Tractor,766,79.41661314897247,17.94172726199837,13.023434796354167,14,1
MAQ-0187,Harvester,4288,89.31859142427994,66.79328845368512,10.477170961955723,3,0
MAQ-0188,Tractor,771,106.22444506846759,79.26535865394054,12.73071724792525,1,1
MAQ-0189,Tractor,2069,100.9977225963903,34.60261306853426,13.02269991089261,15,1
MAQ-0190,Harvester,4256,86.7541623826049,75.08391737593846,11.476981951320356,1,0
MAQ-0191,Tractor,6877,76.41759997689995,35.45527613233284,7.148948417496043,17,0
MAQ-0192,Tractor,3222,119.82747000946267,78.75391131507406,9.547654570215943,2,1
MAQ-0193,Tractor,7670,85.57087813415838,67.77733325177488,3.245115685676404,6,0
MAQ-0194,Tractor,5224,87.08322145978053,71.34347437890071,10.431035844648708,8,0
MAQ-0195,Tractor,5685,69.81742927150015,16.260458892031814,3.5095455803499305,16,1
MAQ-0196,Harvester,4799,107.68857292499575,82.39672499518181,10.715294267142195,19,1
MAQ-0197,Harvester,4877,101.62093354688932,65.86696944492263,4.2143742505555615,1,0
MAQ-0198,Harvester,4000,73.24617676732562,36.33257667702934,2.6457182021030796,3,0
MAQ-0199,Tractor,6777,64.94286273695056,73.05762654011929,3.313982862001404,3,0
MAQ-0200,Tractor,5624,100.82995812448279,34.706483889045096,1.0278898930669838,5,0
MAQ-0201,Tractor,7081,99.27067285686812,76.09276876962895,11.062354649949423,12,0
MAQ-0202,Harvester,7780,76.39557161989256,22.88062732883559,11.253614686817308,12,1
MAQ-0203,Tractor,6888,117.05181373502462,64.2580184222557,8.209066898785633,13,1
MAQ-0204,Tractor,6476,69.06347350685401,52.848893365143724,3.2590792147753715,9,0
MAQ-0205,Harvester,623,85.94008806255611,21.757412913680856,2.1697607251496565,7,1
MAQ-0206,Tractor,2493,116.61695521005593,31.93256797811873,1.2678055301220181,4,1
MAQ-0207,Harvester,3217,85.18363901556734,15.868282539412036,3.32047447751309,19,1
MAQ-0208,Harvester,2693,98.31155685984513,47.81375758251541,13.471977489764054,19,1
MAQ-0209,Harvester,2068,83.85566387776765,36.08856825320002,4.381515783823545,6,0
MAQ-0210,Tractor,5297,76.4529121409202,56.885023900843116,5.959798581041019,13,0
MAQ-0211,Tractor,1853,119.0386588775897,35.80664653960321,2.474836782738665,11,1
MAQ-0212,Tractor,6032,84.56004037890258,35.994337805488925,4.113058266474384,13,0
MAQ-0213,Tractor,7340,113.64595222074806,67.02352391121224,8.26914399092287,13,1
MAQ-0214,Tractor,7037,73.79727635346518,18.369998518484742,9.508537563339136,15,1
MAQ-0215,Tractor,2396,72.786282241505,78.2026496634391,4.434932398326955,13,0
MAQ-0216,Tractor,6290,61.86804497307068,74.6584712073827,1.808250229151641,11,0
MAQ-0217,Harvester,5340,99.10000952255311,61.746327825848454,6.474460167783581,19,0
MAQ-0218,Tractor,2361,82.11158062342567,56.5255099075169,4.278847192968678,8,0
MAQ-0219,Harvester,2386,111.86149499037822,77.46117486977565,4.073754925217227,8,1
MAQ-0220,Tractor,5275,88.39259440149343,27.973112567010013,14.438079237988374,10,1
MAQ-0221,Tractor,6593,118.09160567488331,20.527841353358003,9.628206802960136,16,1
MAQ-0222,Tractor,4302,71.13153094218727,31.765711893667667,8.796298204409343,19,0
MAQ-0223,Harvester,2978,112.11739007733664,70.62047950901332,6.820851449326507,11,1
MAQ-0224,Harvester,4243,106.59581116750451,17.426918670853834,7.0052206680220195,13,1
MAQ-0225,Harvester,3744,106.25531067864313,55.79647845584427,8.57267005373313,9,1
MAQ-0226,Harvester,4532,110.68699368701326,84.6806261333917,10.750017298505501,19,1
MAQ-0227,Tractor,5245,105.66143945657993,74.89872656862775,10.830045346545612,16,1
MAQ-0228,Harvester,7047,97.57321929788492,51.50119823305126,3.403714707876294,7,0
MAQ-0229,Tractor,5476,67.87469266094325,19.454863650064965,8.001578529072777,19,1
MAQ-0230,Tractor,2155,61.95157076947511,73.1961460069997,6.767413330477428,12,0
MAQ-0231,Harvester,4820,115.2508708689412,56.928495572404735,13.187377527771378,15,1
MAQ-0232,Harvester,6086,96.99901887124429,23.04530979416968,9.83986489705727,14,1
MAQ-0233,Harvester,1376,107.79223745857058,21.570009937634936,8.455056929823744,11,1
MAQ-0234,Harvester,5911,88.891341090753,78.67387736056148,2.615524990504843,10,0
MAQ-0235,Harvester,2866,67.03849133774366,61.844018405665494,9.478930450527761,11,0
MAQ-0236,Harvester,402,67.51114753215303,73.05007595217289,2.640854679523268,6,0
MAQ-0237,Harvester,738,101.13391723373829,76.52852301975872,5.720892057920529,2,0
MAQ-0238,Harvester,155,85.81835369396777,55.02406464338256,2.9997875074006464,11,0
MAQ-0239,Tractor,4921,72.0314836020202,51.221244622852886,10.689031058341165,19,0
MAQ-0240,Harvester,625,89.49567280448622,45.12991872246931,3.8875295937061365,6,0
MAQ-0241,Harvester,4669,63.85253622450804,37.18626114537835,6.486031224632364,14,0
MAQ-0242,Tractor,4223,94.91828411486392,45.42171726010982,13.539446886662901,6,1
MAQ-0243,Harvester,2225,76.13960426610586,69.17157590111094,3.860429367585584,17,0
MAQ-0244,Tractor,3387,107.85354603823129,57.13464017105921,8.109270895422908,10,1
MAQ-0245,Tractor,7653,78.62171753541443,77.47663029683923,6.869803256324308,1,0
MAQ-0246,Harvester,464,87.31320894490807,46.03660100654314,1.2537365746402163,3,0
MAQ-0247,Tractor,6909,60.697232394486036,57.49627051031278,12.09861359001938,8,1
MAQ-0248,Tractor,4721,64.34681326767353,59.19152871643921,1.9666426884043962,8,0
MAQ-0249,Tractor,6942,83.54961338440108,56.41880136144279,7.63957029367735,15,0
MAQ-0250,Tractor,5531,88.79633008302741,64.18436411598614,8.8494961291453,7,0
MAQ-0251,Harvester,5078,96.00123288715822,31.62034278623644,9.797970392604219,11,0
MAQ-0252,Tractor,5226,77.4997547225582,50.86546442820534,10.640842810310257,7,0
MAQ-0253,Harvester,5222,101.69891316759255,22.295736196584336,4.545813369318012,4,1
MAQ-0254,Tractor,1746,111.60734383135227,41.91579293513688,1.1397028732182912,12,1
MAQ-0255,Tractor,1018,106.791059333601,49.13669480348851,11.128211272968768,6,1
MAQ-0256,Tractor,2897,62.37712952090143,60.65569816818307,8.4991923908661,14,0
MAQ-0257,Tractor,6606,88.83041683546973,81.53717368103425,12.705647844901483,12,1
MAQ-0258,Harvester,5970,66.29581070509049,57.04557465838491,12.49943708060972,11,1
MAQ-0259,Harvester,1631,74.52270095175164,67.05157413235918,12.806566349030364,19,1
MAQ-0260,Tractor,3445,119.19975559602878,50.43862416466419,7.791325239713562,5,1
MAQ-0261,Tractor,7773,68.5497325740908,59.38728219634319,5.670797541716119,14,0
MAQ-0262,Harvester,7049,89.93328920708137,19.965255129364138,12.08181483627918,16,1
MAQ-0263,Tractor,6982,97.08934405908715,32.807410658929285,7.3181175824095686,13,0
MAQ-0264,Tractor,2006,102.14789823264624,40.32971652435971,3.568190749648083,4,0
MAQ-0265,Tractor,3186,93.57892100921484,48.07453485045595,12.96963627386064,11,1
MAQ-0266,Harvester,5411,60.58625084515102,18.195412185166862,13.35583827481286,17,1
MAQ-0267,Harvester,5850,79.5876784946395,24.801686828732237,7.528336585962382,7,1
MAQ-0268,Harvester,4680,91.06269860308268,34.37700154539141,2.0597961823370246,14,0
MAQ-0269,Tractor,2175,65.27198994869,83.00728836307354,6.429565258837037,11,0
MAQ-0270,Tractor,813,81.03761587255084,38.19429049721356,12.249527232476447,9,1
MAQ-0271,Harvester,1162,61.99218652748199,48.742874067845776,13.6248363996472,13,1
MAQ-0272,Harvester,2076,64.71470982930124,28.726839891687504,3.8486183949663415,18,0
MAQ-0273,Harvester,1396,83.81539657209576,57.75460497530378,1.9376305683538013,11,0
MAQ-0274,Harvester,5450,67.96294524258361,34.6478250861182,13.282906343859741,15,1
MAQ-0275,Tractor,6329,94.05245089569348,29.489480490689875,6.451669145704254,19,0
MAQ-0276,Harvester,7741,101.36789814823595,51.160083991218535,8.584653499745887,1,0
MAQ-0277,Tractor,225,108.03520194654497,15.385405941229457,14.552921368710624,4,1
MAQ-0278,Harvester,7055,72.0090146546886,15.536482285445773,1.93190619079912,14,1
MAQ-0279,Tractor,4732,70.04895493554419,30.334816637130047,10.076452104329338,14,0
MAQ-0280,Harvester,6388,66.27407042006402,17.57049537505748,2.0374759160481393,3,1
MAQ-0281,Harvester,3696,98.1858149726182,22.561802789148395,6.2565649985310055,17,1
MAQ-0282,Harvester,3383,102.38854358921407,38.72024545371261,12.253403632708254,3,1
MAQ-0283,Harvester,6268,61.89516868953852,71.1809975705869,7.068611258578882,16,0
MAQ-0284,Tractor,1703,116.17273477462139,55.04340503585106,14.960552954641306,14,1
MAQ-0285,Harvester,7661,63.118277019088346,50.88674081694915,8.826829989252431,13,0
MAQ-0286,Tractor,166,92.47778011806423,35.54421762456852,5.496270136903349,15,0
MAQ-0287,Tractor,332,102.54363116705498,80.22276036029714,4.081558562666544,14,0
MAQ-0288,Tractor,2256,112.25814742476513,42.79105288660342,5.907287480006265,19,1
MAQ-0289,Tractor,1269,102.84521592794567,21.096493675704004,6.215465832633711,6,1
MAQ-0290,Harvester,2258,108.10368498418751,58.19465612824609,1.9619914881354537,10,1
MAQ-0291,Tractor,6471,80.36701155256836,22.968687543362098,6.174038791974825,15,1
MAQ-0292,Tractor,4306,108.88950682479074,39.165619996118444,7.499339276349149,6,1
MAQ-0293,Tractor,1593,64.8068907830805,50.51883571024662,11.118328531343264,10,0
MAQ-0294,Harvester,6277,113.68899936363167,76.1955767279623,10.194212786102511,7,1
MAQ-0295,Harvester,4818,92.85554256922418,49.548260623808304,10.92271917320816,17,0
MAQ-0296,Harvester,4107,109.03786619774962,64.15811362221649,1.1170915462759994,18,1
MAQ-0297,Harvester,7636,87.139097071098,84.49717872993493,4.047343594127504,17,0
MAQ-0298,Tractor,6991,98.6146617117915,24.204238392858713,10.263580037597992,9,1
MAQ-0299,Tractor,6838,91.58415965616679,34.231206786366364,7.7758511545164595,10,0
MAQ-0300,Harvester,7821,103.89537130531991,42.62032529183524,1.0743886593568432,10,0
MAQ-0301,Tractor,2572,64.89779892183537,44.527972497718196,12.262924994045513,7,1
MAQ-0302,Tractor,2760,63.62112503943383,43.771475268588205,11.819334026064723,16,0
MAQ-0303,Tractor,5737,74.82619404060878,78.53277017895884,8.677868281909877,18,0
MAQ-0304,Harvester,2839,69.5726808067913,64.98228511267996,1.9304865608678097,6,0
MAQ-0305,Harvester,5501,112.3070139955321,57.553364986349266,11.731210693456186,1,1
MAQ-0306,Tractor,7587,73.15283924148267,36.65609025039475,9.171990228239096,1,0
MAQ-0307,Harvester,1861,118.55191534914788,72.66532689549064,11.947439680211428,12,1
MAQ-0308,Harvester,3614,80.21374750626642,81.85423580394922,11.524457893541765,2,0
MAQ-0309,Harvester,2075,70.92707494132196,72.48387977851586,12.24202900740972,4,1
MAQ-0310,Harvester,2462,107.38191042854875,15.109557363403104,8.252112929664747,17,1
MAQ-0311,Harvester,976,99.52246653005257,59.54809591283849,2.96454325470921,4,0
MAQ-0312,Tractor,6185,89.89174298718834,18.57947670094705,10.396204627315642,11,1
MAQ-0313,Harvester,3912,93.32181305625787,33.03250542336053,9.686632990727588,4,0
MAQ-0314,Tractor,3548,103.15210669633584,19.16672902434402,11.39154462078722,1,1
MAQ-0315,Tractor,1412,73.70728447987793,57.265681706457144,3.3783340847102945,7,0
MAQ-0316,Harvester,1560,119.78003496340452,63.06129394448247,3.7296527986040493,18,1
MAQ-0317,Tractor,2809,118.487589728807,23.01413466461336,13.465733241070598,9,1
MAQ-0318,Tractor,2424,99.01954118081622,41.86872181314857,11.49968917832899,3,0
MAQ-0319,Tractor,1833,71.9725470557487,46.93655562688794,13.71519884180452,8,1
MAQ-0320,Harvester,1705,100.81369454587748,40.83371152326416,11.62201449629489,19,0
MAQ-0321,Harvester,5722,64.33190453875055,23.471750033963513,9.360174283864225,4,1
MAQ-0322,Tractor,6867,61.839150132348365,44.326345313123284,10.15785831839023,18,0
MAQ-0323,Harvester,2663,75.46097331067281,67.58246334658926,13.447790935160139,11,1
MAQ-0324,Harvester,3521,87.75737740435898,19.970536517327883,9.103294563167168,14,1
MAQ-0325,Harvester,7086,112.09635032450282,20.61260098573324,9.853478540597424,18,1
MAQ-0326,Harvester,3617,103.63014418597848,39.833990428518895,3.1906740240504083,16,0
MAQ-0327,Tractor,2497,104.56239127199886,80.92079981332475,7.634897081625438,3,0
MAQ-0328,Tractor,5826,85.52960006688451,61.80008527060399,11.029559567413386,15,0
MAQ-0329,Harvester,3835,80.75609955281777,62.506896967079534,4.793197776429116,4,0
MAQ-0330,Harvester,2970,82.26232577907616,40.33439935865054,3.831558527343489,5,0
MAQ-0331,Tractor,1260,119.25897382416346,56.55625538459769,5.393575315141818,17,1
MAQ-0332,Tractor,4954,62.406551484748945,15.709182881942036,4.381008791899668,7,1
MAQ-0333,Harvester,7142,112.02188976734692,59.526723248667956,4.008776918509541,16,1
MAQ-0334,Tractor,342,94.7205245143436,78.93008633033656,6.947911800153217,14,0
MAQ-0335,Harvester,2690,86.31692515137543,57.88014278413734,13.709739194369478,16,1
MAQ-0336,Harvester,1163,103.51545962490819,76.15890154264414,8.098835054342056,7,0
MAQ-0337,Tractor,4424,89.20013648548218,65.67811388262658,3.6308853314145226,9,0
MAQ-0338,Tractor,2695,112.40539428489964,23.43908914825832,2.077603371332237,4,1
MAQ-0339,Harvester,1019,114.04211184067552,78.17173151000893,10.746186031930954,11,1
MAQ-0340,Harvester,5442,85.30325561240733,19.65106910490424,6.35918270210943,2,1
MAQ-0341,Tractor,105,76.60966783410309,52.377723078343465,12.505633252195029,12,1
MAQ-0342,Harvester,7589,95.54101971560173,24.949598665542037,10.233150760970783,12,1
MAQ-0343,Tractor,567,114.74180073700145,15.819462751163284,12.147380307579159,4,1
MAQ-0344,Harvester,5951,72.63973134033999,44.54239820893473,4.8072445518582825,18,0
MAQ-0345,Tractor,4270,97.37799501380897,35.652849535790935,10.693024914454814,7,0
MAQ-0346,Tractor,103,97.89361320555123,49.02003456583221,4.696867785712063,1,0
MAQ-0347,Tractor,6066,103.98678134491686,55.40399207141856,14.146958712304082,13,1
MAQ-0348,Harvester,745,67.8940611076356,18.061735061626315,9.909239941467241,6,1
MAQ-0349,Harvester,217,102.94949788092532,23.610230658662196,5.543165202454789,6,1
MAQ-0350,Tractor,3028,114.54195123993847,54.10496775152978,4.773166072091817,12,1
MAQ-0351,Harvester,5825,70.78098653221451,39.021714722086074,3.672972191003009,8,0
MAQ-0352,Tractor,2651,74.25259949543266,66.04214412846136,10.72497342451219,19,0
MAQ-0353,Tractor,6217,118.28370564249838,60.66041540143578,4.062018581970982,5,1
MAQ-0354,Harvester,5142,70.85861716256939,74.19230540929348,9.334245722984846,18,0
MAQ-0355,Harvester,6817,111.26310560217475,63.47449786684577,4.704890376955003,5,1
MAQ-0356,Tractor,5660,89.53667138688209,45.09517541731037,10.26756522711416,10,0
MAQ-0357,Harvester,4389,74.83386446419063,62.10766356761027,12.40915619956755,1,1
MAQ-0358,Harvester,946,112.24499407635068,34.276682197879296,11.892353404025144,10,1
MAQ-0359,Tractor,2862,86.71831530015993,36.44194491447489,11.651918633030943,5,0
MAQ-0360,Tractor,5611,90.8890412357814,70.22896119445554,3.6281136796915288,12,0
MAQ-0361,Harvester,7293,81.55400216398594,46.24936614811075,2.2373892577832617,7,0
MAQ-0362,Tractor,5654,95.57705108609565,70.88662383628468,10.785283598823398,9,0
MAQ-0363,Tractor,6416,69.81143235510137,72.56956615677949,6.156860993120919,12,0
MAQ-0364,Harvester,7567,83.46489219910563,75.02936363628987,7.052847169646862,1,0
MAQ-0365,Tractor,5864,118.16473934011725,79.16446650888452,1.436087299107475,11,1
MAQ-0366,Tractor,6569,75.48800596206766,45.16896543593074,4.634070289850689,15,0
MAQ-0367,Harvester,5629,99.40419987247753,37.32067728247972,1.4714696542424963,2,0
MAQ-0368,Harvester,1241,79.5114038534817,55.75391226158797,13.308600816417467,7,1
MAQ-0369,Tractor,7079,106.40838754119605,40.98206964063393,4.407553565059427,12,1
MAQ-0370,Tractor,1910,67.85241964310099,57.07519167601631,8.802720374022112,18,0
MAQ-0371,Harvester,823,118.18926270471269,64.39101038506772,1.5457104892558258,3,1
MAQ-0372,Harvester,324,87.22737248301836,63.18835129444958,10.335863478279213,7,0
MAQ-0373,Harvester,4727,74.16302780078783,41.218702091408495,5.522382840557314,11,0
MAQ-0374,Harvester,4308,64.40980483980076,26.680214118912698,13.57086861740732,18,1
MAQ-0375,Tractor,6383,70.18547430525244,45.13705369235453,13.433654645076501,12,1
MAQ-0376,Harvester,4754,91.18643691336106,24.98159008573361,5.554068657064469,6,1
MAQ-0377,Harvester,2148,80.22019058587718,77.30679246286658,13.61345253966655,5,1
MAQ-0378,Tractor,6333,109.73300195295657,39.21142225165002,14.946207428982904,1,1
MAQ-0379,Harvester,4849,85.85325141970836,25.812182305632664,12.555819297735272,12,1
MAQ-0380,Tractor,4515,74.92285635525779,16.781343193402563,12.828198868573207,11,1
MAQ-0381,Harvester,1673,97.0286991962418,60.207567040053895,4.4861223055272585,4,0
MAQ-0382,Harvester,1928,102.40663301312675,59.583162221832026,9.073833584008588,18,0
MAQ-0383,Harvester,2017,70.02251447405699,38.84229166069042,1.94158279554315,4,0
MAQ-0384,Tractor,4334,70.05715297729905,20.01983221933557,2.328851115503376,17,1
MAQ-0385,Tractor,7778,62.20028561601258,43.674022642666245,14.984496568466069,2,1
MAQ-0386,Harvester,7088,104.18412090393844,36.78522465443755,5.572949491962753,2,0
MAQ-0387,Tractor,2126,99.8282716573083,62.39844478145066,11.47457476868385,12,0
MAQ-0388,Tractor,6502,88.47785254498883,57.404547461688324,12.29331074237543,6,1
MAQ-0389,Tractor,3844,110.65022693815183,40.5215609738278,13.012325794101208,10,1
MAQ-0390,Tractor,1001,108.34020917700319,30.252478797849307,14.96679616363019,16,1
MAQ-0391,Tractor,4885,95.12126186380513,84.16251763089143,4.38095079359615,14,0
MAQ-0392,Tractor,2139,112.09627683079552,46.780113483728044,1.564911576035796,7,1
MAQ-0393,Harvester,109,72.3504726022061,63.17919650461659,6.756681251924204,19,0
MAQ-0394,Harvester,360,66.71517716386367,24.838707730485254,2.8211293776052573,17,1
MAQ-0395,Tractor,6138,76.18497669101937,48.991278976157844,1.3139624482687717,9,0
MAQ-0396,Harvester,1773,63.42521136535889,16.927570390862584,6.045975579980805,13,1
MAQ-0397,Harvester,2319,91.87017168006193,50.381858253731494,11.97233551505331,5,0
MAQ-0398,Harvester,7141,116.19634153769769,82.48121849823916,8.926529677150992,5,1
MAQ-0399,Harvester,2160,62.36061244011058,41.89446990900602,5.378891848944956,10,0
MAQ-0400,Tractor,5387,67.32659484060162,17.72972088024381,10.160788076898076,10,1
MAQ-0401,Harvester,3813,87.13194169700611,17.166905364354047,4.24825452432335,7,1
MAQ-0402,Harvester,1719,116.0325010516743,42.159073196280865,1.2013402450091903,15,1
MAQ-0403,Tractor,420,78.96936629860502,26.20174555242358,11.700947410109983,7,0
MAQ-0404,Tractor,1442,90.43408852130355,16.634646742973015,9.732403188096127,15,1
MAQ-0405,Harvester,5832,62.494371543023526,67.93495297651238,11.672236743013439,3,0
MAQ-0406,Harvester,2476,68.90059205772533,47.096610621732346,1.5451322336273186,19,0
MAQ-0407,Harvester,2932,119.19780737753081,35.24713403808582,12.719674789629131,10,1
MAQ-0408,Harvester,2924,117.90712178616273,78.00582281115365,9.673366800508246,15,1
MAQ-0409,Harvester,2094,60.29639885606458,23.12972721403679,8.887534909976962,3,1
MAQ-0410,Harvester,3058,117.10870712539435,81.91431802687235,9.744596673603443,6,1
MAQ-0411,Tractor,6139,98.34719626893002,36.977670216414694,13.102065456157098,12,1
MAQ-0412,Harvester,7817,112.07509767120132,77.18825706160769,9.217111091824698,15,1
MAQ-0413,Harvester,2138,87.28439133803155,57.20600135356231,9.13330531843451,6,0
MAQ-0414,Tractor,3590,90.93576171475502,72.86951518190412,14.869508198920721,13,1
MAQ-0415,Tractor,3777,89.3307948154152,83.8809214247325,11.594222338959952,19,0
MAQ-0416,Tractor,1218,100.01185545276627,35.1883806473122,7.192113276315894,3,0
MAQ-0417,Tractor,1704,68.37907528537878,82.2794839785315,10.903558000460988,8,0
MAQ-0418,Harvester,6561,61.798415392360674,42.263732643169426,6.449226603685039,8,0
MAQ-0419,Harvester,4127,78.47579649547146,41.98583333158456,4.204256474768986,15,0
MAQ-0420,Harvester,335,102.2808457641988,38.8270972978154,9.355926276428631,4,0
MAQ-0421,Harvester,2069,72.1112071273769,52.89853251433097,13.994549373595321,19,1
MAQ-0422,Harvester,4529,100.40594599949503,25.790153022494096,14.007953280216478,3,1
MAQ-0423,Harvester,2008,118.19472276643623,53.759803975060784,5.7866738934768644,13,1
MAQ-0424,Tractor,475,65.6340429473651,52.91933686870028,8.38748452710373,8,0
MAQ-0425,Harvester,3630,100.35612709350758,68.3331268823409,3.962902579978057,16,0
MAQ-0426,Tractor,5356,86.62501315827427,73.35549733563099,14.938835532984369,13,1
MAQ-0427,Tractor,2735,112.08853526265032,45.83089452186968,14.7356507101511,3,1
MAQ-0428,Harvester,1670,70.62898736684315,36.16332745460456,10.093125015904263,16,0
MAQ-0429,Tractor,2660,101.55755713356987,33.153442812196616,12.261796835484628,9,1
MAQ-0430,Harvester,5515,110.28691737888661,28.623668569341035,11.0114022579718,14,1
MAQ-0431,Tractor,3491,116.6768531684414,19.035330753931742,9.304215066552555,13,1
MAQ-0432,Harvester,3065,100.99488169737876,38.97135851842994,1.7468719578445677,7,0
MAQ-0433,Tractor,3743,89.83048584050565,33.917338449154826,7.3667007957372554,15,0
MAQ-0434,Harvester,6051,97.07083441207283,82.64921701064851,10.447008230343748,7,0
MAQ-0435,Harvester,5568,112.1342990687231,54.03961783750307,10.485442594371586,6,1
MAQ-0436,Harvester,3950,94.23658479832977,39.30939273213553,6.2237166579133705,2,0
MAQ-0437,Harvester,972,61.82322358181021,55.63273206955872,14.183687813212428,9,1
MAQ-0438,Harvester,1352,115.85692173041866,24.743769094198683,3.342998451314934,17,1
MAQ-0439,Tractor,6513,101.37160506189366,46.08306244415421,8.005032247017848,5,0
MAQ-0440,Tractor,6047,100.59080314663478,58.83640249947447,10.672375671711519,12,0
MAQ-0441,Tractor,7041,72.94050914386303,49.222848225471594,10.759901282485329,1,0
MAQ-0442,Harvester,1414,99.53312821395943,43.12451604580269,10.080945394763418,10,0
MAQ-0443,Tractor,4920,83.63186433924952,84.56938722297888,4.854034988326042,11,0
MAQ-0444,Harvester,7432,99.07397862248953,76.62203335042489,3.186891961612708,16,0
MAQ-0445,Harvester,6248,66.39558181847944,58.63841707116081,9.903164575573951,14,0
MAQ-0446,Tractor,2998,99.47071827618217,54.85641528275979,9.390229625952129,8,0
MAQ-0447,Tractor,7646,119.96482354623998,58.44623358772088,3.510984144049374,17,1
MAQ-0448,Harvester,177,62.892722331633365,29.091847547570328,10.871948037987886,18,0
MAQ-0449,Tractor,7677,118.63045105327905,42.659642028502304,7.3724078842711895,12,1
MAQ-0450,Harvester,2721,84.41447764337224,17.762167302362954,10.348648282444142,17,1
MAQ-0451,Harvester,4327,112.24520702023554,48.28822262407787,12.723139116782109,14,1
MAQ-0452,Harvester,700,106.94312904349641,53.011720877036424,3.3761980000769243,16,1
MAQ-0453,Harvester,5968,94.02097565920008,30.942481527224672,1.2680281519557135,14,0
MAQ-0454,Harvester,1165,104.30695255507959,82.48201930158596,11.907436209541014,9,0
MAQ-0455,Tractor,2236,112.71093367808086,78.66182276560694,9.535763952136623,4,1
MAQ-0456,Tractor,2549,84.24841929906198,65.55002648191342,10.794953974709705,11,0
MAQ-0457,Harvester,2443,79.62198969379432,52.33706401357538,12.734169649840997,6,1
MAQ-0458,Harvester,1963,100.05560313381508,75.89784117533794,12.239353087543007,15,1
MAQ-0459,Tractor,1418,108.47075651647552,24.145664067642404,14.452882057003546,5,1
MAQ-0460,Tractor,4811,105.73710808659695,70.33568559924194,8.503091103929656,11,1
MAQ-0461,Harvester,3697,107.86881893151806,23.73745697767938,7.838938857238675,18,1
MAQ-0462,Tractor,7043,86.13499888877598,70.59474637845838,6.626420798470221,13,0
MAQ-0463,Harvester,3862,109.0700529705013,34.30372977759499,3.1516745998188638,11,1
MAQ-0464,Tractor,7904,67.21254332223651,76.39634067127322,9.016501260348313,14,0
MAQ-0465,Harvester,6665,92.66934587765098,81.08294656777785,4.878175340563703,18,0
MAQ-0466,Tractor,6084,60.34551962988729,25.415717858358093,13.898305170981656,19,1
MAQ-0467,Harvester,5242,79.47514979401622,47.387292354577546,9.164671259879366,15,0
MAQ-0468,Tractor,4770,81.98769209228388,83.66911647138795,9.299762527113542,9,0
MAQ-0469,Tractor,2290,83.77036149655532,48.83852051812026,5.96894525227814,8,0
MAQ-0470,Harvester,1092,101.72803240139173,75.44832657601816,1.7278509276879048,1,0
MAQ-0471,Tractor,2812,83.31348607622074,56.21120654919239,1.4444127152218407,4,0
MAQ-0472,Harvester,2292,86.92161735735183,41.27309355437213,6.926692018144765,14,0
MAQ-0473,Tractor,1348,74.25264785245965,35.00484888681092,2.1839152933613297,2,0
MAQ-0474,Harvester,3154,82.3951074977604,29.22561637602611,9.495857377561947,16,0
MAQ-0475,Tractor,4698,73.6361776357891,68.32587339643881,13.333622078955203,3,1
MAQ-0476,Harvester,4133,64.39175542610661,42.05783547761195,13.36080743126211,8,1
MAQ-0477,Tractor,2097,96.20691560288267,50.78928235405258,10.226635741851254,6,0
MAQ-0478,Harvester,5016,100.09276791330097,49.46278360008274,3.957245640621034,16,0
MAQ-0479,Tractor,3787,97.16942076057687,55.409532046319185,13.081955639024208,16,1
MAQ-0480,Harvester,2251,87.80964262803434,75.59040019371866,13.405308094384914,7,1
MAQ-0481,Harvester,4118,82.7871468107538,83.65175405084005,3.753150189341422,13,0
MAQ-0482,Harvester,3210,111.80001897430952,43.53089460016719,11.323965200789482,13,1
MAQ-0483,Tractor,2070,91.14490710817309,72.92632454744121,5.011273684979721,5,0
MAQ-0484,Harvester,297,88.75091265778386,68.51694562583023,12.236964372941015,18,1
MAQ-0485,Tractor,5865,61.53852394838614,55.147026601890126,14.961330598650438,15,1
MAQ-0486,Harvester,2726,80.47486965756939,81.92330005283532,1.4203640746114994,18,0
MAQ-0487,Tractor,6634,82.81173712715142,29.033216086988197,13.563122121073047,2,1
MAQ-0488,Harvester,1302,83.92936685381403,22.6484947216735,9.716827470381213,10,1
MAQ-0489,Tractor,6797,94.81034215363994,74.77733768687955,14.627356668307495,13,1
MAQ-0490,Tractor,5667,92.0161528036127,45.74048716436238,7.510133245369986,18,0
MAQ-0491,Harvester,7767,96.47430556760668,74.28781979449423,12.863431027999232,15,1
MAQ-0492,Tractor,7282,105.8929956925277,77.51631436367904,1.8735169603758812,12,1
MAQ-0493,Tractor,5842,108.7791443229656,19.372031553335,5.69390670109614,15,1
MAQ-0494,Harvester,5888,103.08738457358967,76.84253340902424,1.9382315285169396,13,0
MAQ-0495,Tractor,5508,117.33142175729608,46.38233387585955,14.654803868706988,18,1
MAQ-0496,Tractor,2135,61.0939549605817,50.73027423029625,12.437634701805713,15,1
MAQ-0497,Tractor,577,71.74667914101276,58.86147577652471,12.935663897443586,11,1
MAQ-0498,Harvester,1354,60.45377249868853,79.84678247110607,14.131513240074518,19,1
MAQ-0499,Tractor,1022,98.84848284927618,16.33812661008348,2.1914488056769947,3,1
MAQ-0500,Harvester,519,113.88183293699922,48.3790427822472,6.398366295186667,7,1
MAQ-0501,Tractor,2304,74.60893779457795,63.14054297013925,1.9944884466160298,14,0
MAQ-0502,Tractor,2697,115.6220726877784,65.589487038876,3.9511034217004006,14,1
MAQ-0503,Tractor,7708,63.61604341737365,63.477270207597556,4.211120878527413,13,0
MAQ-0504,Harvester,1220,116.06616160833086,24.41045905856853,7.567500954666102,12,1
MAQ-0505,Tractor,3168,81.09736123437807,35.95769118601768,4.759870344350996,9,0
MAQ-0506,Tractor,7240,66.085249706953,40.110086779190944,2.4136934954486553,1,0
MAQ-0507,Harvester,7678,89.15230555117954,71.31060453756535,3.344875247317508,19,0
MAQ-0508,Tractor,1050,75.40659406323047,34.51319106901871,3.061857889729273,11,0
MAQ-0509,Harvester,2436,77.09237411771537,29.749347470704222,14.623075170772175,19,1
MAQ-0510,Harvester,5473,78.43739789557719,82.02136133266673,11.63009509685863,18,0
MAQ-0511,Tractor,2343,108.1815538699598,15.620429957942823,14.548660513773868,12,1
MAQ-0512,Harvester,2745,92.34967660051527,84.84745989773847,7.156366811110719,1,0
MAQ-0513,Tractor,1957,78.67846194936021,62.37749092001769,4.897158743277192,19,0
MAQ-0514,Harvester,7789,96.6200269986551,72.9928509614382,12.176104760928613,17,1
MAQ-0515,Harvester,4712,102.96904045339161,35.62335774423352,5.567554852576055,5,0
MAQ-0516,Tractor,5854,76.35744004401202,16.0020694366942,5.191367231874876,3,1
MAQ-0517,Harvester,1965,84.8129460915211,66.6508662993071,4.255083890909637,2,0
MAQ-0518,Harvester,3012,67.31316560021685,73.3901217900473,2.815505695139295,3,0
MAQ-0519,Harvester,5337,70.86896097208081,66.83332923674634,4.590482854234724,8,0
MAQ-0520,Harvester,2953,100.86707123789897,24.9995201110587,5.974476478634427,16,1
MAQ-0521,Harvester,6128,70.88630086173762,67.73995455798783,10.435918914040226,6,0
MAQ-0522,Tractor,7426,91.50980302002361,68.82459474753486,1.875907791072322,13,0
MAQ-0523,Harvester,5010,102.54277570334597,61.09783609690384,3.9470971553148013,16,0
MAQ-0524,Tractor,6471,66.41261538568463,68.62811529569103,12.32633096408347,16,1
MAQ-0525,Harvester,6096,94.03873317773422,74.21450077744126,3.056906930172791,3,0
MAQ-0526,Tractor,6459,75.39376702208182,57.95228799662209,5.797032051315302,13,0
MAQ-0527,Tractor,7191,117.77561251425479,21.202329977877532,13.10522490601396,14,1
MAQ-0528,Harvester,7963,89.01273880319548,49.13394667670476,3.1689543560081974,8,0
MAQ-0529,Harvester,6258,108.35955298650948,20.435453427012355,2.1583156986546586,12,1
MAQ-0530,Harvester,3328,93.0135925293757,43.52801217227016,7.783531931120152,8,0
MAQ-0531,Tractor,3819,62.60475197128915,43.497454238793935,5.2338731578995095,9,0
MAQ-0532,Harvester,7528,97.98908253564134,19.62068908981691,8.887717102773959,1,1
MAQ-0533,Tractor,3328,117.08420053239942,39.41743737786355,12.253268466768652,6,1
MAQ-0534,Tractor,6290,96.09670920877987,22.769866915392036,2.9200788341384043,19,1
MAQ-0535,Tractor,2471,109.15133156560742,71.57646470064554,9.12978718375999,11,1
MAQ-0536,Harvester,2991,113.05238780090447,81.33816181751295,8.077122645458095,11,1
MAQ-0537,Harvester,3856,73.68478631693594,20.062153268055702,3.017103004184794,13,1
MAQ-0538,Tractor,4325,72.7226903944936,81.8580645104191,9.735978797405753,11,0
MAQ-0539,Tractor,7678,96.6588593310595,51.58036195357216,4.830965850050803,18,0
MAQ-0540,Harvester,194,84.66170818840229,35.96959745677117,7.829680459616175,15,0
MAQ-0541,Tractor,2774,110.39167817200322,20.380345269331446,2.1518125398788666,1,1
MAQ-0542,Harvester,6998,114.00138740388067,50.043698764929246,7.4341768009907225,7,1
MAQ-0543,Tractor,2055,81.2052827581631,70.61608811435241,5.290488552599484,13,0
MAQ-0544,Harvester,7559,74.21223353846892,64.49605340866887,12.51333695659496,12,1
MAQ-0545,Tractor,893,106.83153091463171,18.515820802478164,1.797702177963156,18,1
MAQ-0546,Harvester,1934,76.48836213288817,20.103128475753245,6.860501848856619,19,1
MAQ-0547,Tractor,7550,109.3568591108207,43.201129784284596,7.418039937840132,15,1
MAQ-0548,Harvester,2216,85.42429521892578,35.67033458335603,11.150085068187662,8,0
MAQ-0549,Harvester,5879,100.05299395748823,31.26690261392335,9.040026051262954,19,0
MAQ-0550,Tractor,4206,65.7321188300801,34.67031492360995,10.340972720718534,10,0
MAQ-0551,Tractor,3425,97.43155948059439,71.24379203078192,11.878689999124585,7,0
MAQ-0552,Harvester,6061,87.10606072423374,80.04596375422977,13.070841631214643,18,1
MAQ-0553,Tractor,3019,95.19650779052844,43.35718861692965,5.394256954114587,16,0
MAQ-0554,Harvester,2697,70.0808524646918,78.42777014927479,8.532317875094641,6,0
MAQ-0555,Tractor,3305,104.21242469665093,37.50469908735174,12.761513098148798,9,1
MAQ-0556,Harvester,4907,111.7678246525937,48.350589044065416,14.85231583351079,13,1
MAQ-0557,Harvester,6266,73.00438800544654,30.82202984711998,13.453270354612684,8,1
MAQ-0558,Harvester,914,65.74287333120971,59.833322952309075,6.200541676741275,16,0
MAQ-0559,Harvester,445,61.41831516278018,83.52867806223662,3.7323312410611056,13,0
MAQ-0560,Harvester,2449,98.51829002659596,57.244516723036504,7.851495523692242,13,0
MAQ-0561,Harvester,462,96.42564216532685,40.04698588794842,11.382980325704592,17,0
MAQ-0562,Tractor,2543,92.8018447628442,60.34722121933699,7.8959669905461665,5,0
MAQ-0563,Tractor,2365,73.91682576695852,23.60444749257713,7.764532086391359,17,1
MAQ-0564,Tractor,2288,83.45435975433088,77.2061356185779,12.735225895145208,9,1
MAQ-0565,Harvester,7883,95.66858011117039,50.21587655458855,6.059652906940609,2,0
MAQ-0566,Harvester,3105,89.80601153155015,46.45448194277495,13.037125447363039,18,1
MAQ-0567,Harvester,3381,119.26713121289325,56.01053519174634,6.695267213324129,9,1
MAQ-0568,Harvester,1084,68.18638515340399,58.73487039525817,5.595263479496752,6,0
MAQ-0569,Tractor,7236,101.70867324285562,20.024306435855912,7.3558587567957865,11,1
MAQ-0570,Tractor,7890,84.25912608625752,62.78320548563817,11.674257421448159,6,0
MAQ-0571,Harvester,1739,85.69197689553688,31.93521762208707,2.7640283900959197,6,0
MAQ-0572,Tractor,927,103.05586593949057,64.97668427546128,3.7498690222082436,13,0
MAQ-0573,Tractor,2830,101.54616907946217,72.57743560689377,14.320227559283287,11,1
MAQ-0574,Harvester,3631,119.4753596221313,71.27709552867643,3.4568827833390032,14,1
MAQ-0575,Tractor,7247,67.70365736724752,53.67506771855224,8.948182451034764,2,0
MAQ-0576,Harvester,4551,66.24657896304998,51.41189246175258,9.11040253326713,8,0
MAQ-0577,Tractor,7251,103.46032902772447,25.00131729375882,7.854742468703427,3,0
MAQ-0578,Harvester,5543,94.70321502038455,69.27423052821949,10.026433480075461,3,0
MAQ-0579,Harvester,7400,76.44963999358835,33.99865663127001,4.217574161166658,1,0
MAQ-0580,Harvester,3035,64.7651621393392,49.76867959725626,8.737271748874475,19,0
MAQ-0581,Harvester,3976,65.13949497578584,34.89918650492617,6.21042557345656,18,0
MAQ-0582,Tractor,6059,113.6514524798471,24.36798540997852,10.263341634808647,17,1
MAQ-0583,Harvester,226,71.51203948312457,59.06903878242156,2.9771296072240925,13,0
MAQ-0584,Harvester,3277,79.40229372693125,18.803242437603267,8.992283835752668,3,1
MAQ-0585,Harvester,3156,73.59938413361928,67.405166388834,3.593784975366532,1,0
MAQ-0586,Tractor,703,81.29977834991624,37.231075668278166,4.901002883610509,4,0
MAQ-0587,Harvester,3549,64.1654305647656,15.009428510313972,4.061937204530166,13,1
MAQ-0588,Tractor,6124,91.14358745449621,50.77903974660609,3.5597289181634393,17,0
MAQ-0589,Harvester,5209,64.0567538155329,18.279633596932218,12.559953321849338,11,1
MAQ-0590,Tractor,4246,108.0213904693417,34.33186904746296,4.999905947252465,2,1
MAQ-0591,Tractor,7296,74.02272491462598,64.48835412190013,13.97973294610229,16,1
MAQ-0592,Harvester,3633,92.40071487627063,19.38827351353061,14.578971354832673,2,1
MAQ-0593,Tractor,3467,112.80474525368749,73.75369446492016,8.997646579119362,19,1
MAQ-0594,Harvester,3468,99.05264214283164,15.267394586100817,3.0020157173201696,19,1
MAQ-0595,Harvester,3897,91.97746719308012,32.277670844133155,6.243675407314138,16,0
MAQ-0596,Harvester,7022,79.46002518692254,66.863283930645,12.168251686874996,19,1
MAQ-0597,Tractor,5626,79.98011478349187,37.138910481051475,6.143470201758986,9,0
MAQ-0598,Tractor,1892,100.1692173118914,22.132467164620948,2.2182410562390427,1,1
MAQ-0599,Harvester,2961,119.64836167327005,40.216374316029956,8.79498875299463,10,1
MAQ-0600,Harvester,5832,99.71035139096271,33.927530046916786,12.831691920944486,19,1
MAQ-0601,Tractor,3576,93.46700504220149,73.98983315123884,12.142969420009033,1,1
MAQ-0602,Harvester,3517,103.83903061435477,36.93435423096002,3.4517239618249453,2,0
MAQ-0603,Harvester,1745,87.91233673702308,70.2252730243205,10.418704601774534,16,0
MAQ-0604,Harvester,6663,63.60854055604711,77.43105013675142,4.0870596880990595,12,0
MAQ-0605,Tractor,1305,93.73780895267458,45.36721937035706,4.054905483730411,8,0
MAQ-0606,Tractor,3130,117.45751707032281,78.69602006980745,13.237004826272592,18,1
MAQ-0607,Tractor,2972,70.51817654145958,41.4122637774235,4.495365338363222,2,0
MAQ-0608,Harvester,3172,101.40029344923994,82.48548915430757,4.685462851252156,13,0
MAQ-0609,Harvester,1954,72.05602131954339,21.250266716790104,1.0091474706581938,6,1
MAQ-0610,Harvester,4121,92.14966106838487,63.091348655226994,13.189366477757247,6,1
MAQ-0611,Tractor,4762,65.80058697880318,49.56698283198501,12.096327384927886,9,1
MAQ-0612,Harvester,6614,87.02225617549111,42.1354163818953,9.782605091269492,16,0
MAQ-0613,Harvester,5131,105.36979973371476,59.28983151240207,11.503720695143791,11,1
MAQ-0614,Harvester,6130,80.85429145433892,64.26999641440318,3.128679943942885,7,0
MAQ-0615,Harvester,2808,99.89470346923308,15.305428875521637,7.416530324226056,10,1
MAQ-0616,Tractor,3602,107.72699764738375,26.68671621230391,5.917071422882932,10,1
MAQ-0617,Tractor,7212,115.63066916876716,64.91322354440231,2.312871367598231,18,1
MAQ-0618,Harvester,1432,74.07852491132721,61.646978950474455,7.805826793008937,9,0
MAQ-0619,Tractor,7404,83.95895494855849,82.62332535900741,13.890355104796896,15,1
MAQ-0620,Tractor,301,69.14496079982504,68.2726453175548,1.5608276667097227,4,0
MAQ-0621,Harvester,3607,119.5490101295025,81.55408954119366,5.080452788913115,8,1
MAQ-0622,Harvester,6556,115.62005807545772,64.1778351074365,3.9055731068798485,9,1
MAQ-0623,Tractor,4312,92.39742781683358,35.863654604761024,4.334053151319749,13,0
MAQ-0624,Harvester,7933,110.52199766258528,22.375544557559955,13.718083726311253,9,1
MAQ-0625,Tractor,5132,91.25747863632253,69.7276704341455,7.552966759280062,4,0
MAQ-0626,Harvester,674,97.41514128016559,60.090445503314115,7.528191781157464,17,0
MAQ-0627,Tractor,6487,65.347465926961,18.373020867530737,11.648058994373953,16,1
MAQ-0628,Harvester,636,105.31622522980848,40.20353261306848,3.1628908560689615,15,1
MAQ-0629,Tractor,1725,67.66280901811409,81.97598708390004,7.821714957400711,3,0
MAQ-0630,Tractor,2222,109.5640578151517,50.02808019971408,7.019792997694836,5,1
MAQ-0631,Tractor,485,106.92168526022316,45.291039521379325,9.356749667653187,5,1
MAQ-0632,Harvester,3381,102.52468186457858,47.03897236115058,14.99380784550614,15,1
MAQ-0633,Tractor,574,62.169622831485725,29.62179068036146,11.772284517148659,18,0
MAQ-0634,Tractor,517,78.18770135671971,40.80950196053567,6.57011984224398,15,0
MAQ-0635,Harvester,6590,75.78675419465057,40.88692791910236,12.585742731836657,2,1
MAQ-0636,Harvester,3700,81.60818444829114,18.664851413123067,3.3899170863747226,13,1
MAQ-0637,Tractor,6883,65.25856480583032,68.72973399625428,1.4264916083254418,4,0
MAQ-0638,Tractor,5134,116.21746938186376,44.15531023327153,3.862277214499823,10,1
MAQ-0639,Harvester,1054,93.22813444274257,72.55259207714963,5.7657617855996355,13,0
MAQ-0640,Harvester,5071,78.33145863948141,74.52436007839268,8.148130604433838,10,0
MAQ-0641,Harvester,4958,83.818891024457,29.839583828906065,9.611807967576798,9,0
MAQ-0642,Harvester,5398,86.83215243029014,61.014743751909,13.748480041001905,8,1
MAQ-0643,Harvester,1305,96.03566000163704,48.05972629140872,8.137956133706407,3,0
MAQ-0644,Tractor,4859,90.94076566178987,76.61097165450396,8.017859024760211,16,0
MAQ-0645,Harvester,4220,115.16351839286504,30.101847542351788,1.7034021375217498,14,1
MAQ-0646,Tractor,2090,89.81780897434982,62.4469240217031,1.4887617371871333,9,0
MAQ-0647,Tractor,5399,119.52948088939877,57.54264855769058,8.716239466829208,11,1
MAQ-0648,Tractor,4905,111.08549746470575,35.671103430028296,7.1345005854768235,3,1
MAQ-0649,Harvester,3672,72.51063086144015,24.562063255582082,12.74852552972418,5,1
MAQ-0650,Tractor,6075,115.83571287863498,60.61478323340936,3.2495141859658325,10,1
MAQ-0651,Tractor,5380,66.98198387312857,66.70182206926314,1.3496032696386944,13,0
MAQ-0652,Harvester,6420,109.04698250947149,37.0939140634345,7.286542751021762,4,1
MAQ-0653,Tractor,4480,82.83739760859481,60.13828228156196,4.324699794531605,13,0
MAQ-0654,Tractor,4258,112.67845922670418,42.65916353280523,1.6946012267437243,12,1
MAQ-0655,Harvester,5198,112.08340140644702,64.92448182978325,11.144376015866806,5,1
MAQ-0656,Tractor,4857,108.35552400705727,28.945069242583717,2.5623019994014644,10,1
MAQ-0657,Tractor,2813,107.40182617842368,77.3150501845322,9.516473000108803,9,1
MAQ-0658,Tractor,2303,78.28074834588244,35.118671752590586,4.934696502336449,7,0
MAQ-0659,Harvester,5688,64.85515698307513,40.7450191429307,3.4289447049703083,2,0
MAQ-0660,Harvester,3220,84.17881072590968,19.066436645624485,6.316521320870445,7,1
MAQ-0661,Harvester,1066,70.41147089919052,22.805854862489348,12.220240867121351,8,1
MAQ-0662,Tractor,5044,101.69706533414771,51.11033318986297,6.489310076664018,7,0
MAQ-0663,Tractor,5303,80.76598359226713,33.73148737095801,11.51077508895478,14,0
MAQ-0664,Harvester,3532,118.53661205159489,73.4836158019536,2.75680815518811,19,1
MAQ-0665,Tractor,788,98.45832464071992,16.028537205846767,11.818799875311107,5,1
MAQ-0666,Tractor,4343,109.34883381806165,41.536583407035536,4.317066548693081,18,1
MAQ-0667,Harvester,3801,67.9514803645109,38.61418827383649,10.48350381844422,12,0
MAQ-0668,Harvester,441,111.72086893635736,16.35293416423207,8.920941767773948,17,1
MAQ-0669,Tractor,6719,115.36543143080365,23.705787930035715,14.008026040963623,13,1
MAQ-0670,Tractor,5282,89.22371512913615,43.95498724430447,6.422515251654397,2,0
MAQ-0671,Tractor,1824,96.37517626505866,49.50052091132127,1.9263126436821663,13,0
MAQ-0672,Harvester,5579,105.88858805417973,43.30028230784084,1.2681767977175407,7,1
MAQ-0673,Harvester,6804,70.49031763562475,52.16563748884657,12.576019853618543,10,1
MAQ-0674,Harvester,4522,90.15396458780654,56.659217243397705,8.346298927260051,6,0
MAQ-0675,Harvester,1892,83.91978166633879,15.694667478948494,11.85341672568929,3,1
MAQ-0676,Tractor,1859,68.78243952973494,47.486661161745275,4.281958400161206,3,0
MAQ-0677,Harvester,3312,82.05206533749188,82.44494686213118,5.8311724371852725,18,0
MAQ-0678,Harvester,1089,64.09033856312962,51.33225960906841,1.4214542109584651,11,0
MAQ-0679,Harvester,2362,61.54871441696922,62.427958722126725,14.46089254403757,5,1
MAQ-0680,Harvester,2582,68.10997734928937,36.83047005418182,10.350150693811388,19,0
MAQ-0681,Harvester,1051,117.78690669535044,69.17939647069338,14.064871228630286,19,1
MAQ-0682,Tractor,822,92.97177215370101,69.10450373132807,4.716949704007012,15,0
MAQ-0683,Tractor,3489,117.94932966919319,51.490723335789724,9.560490557159252,16,1
MAQ-0684,Harvester,2179,85.94987269980791,83.32096762954495,10.49899955609693,9,0
MAQ-0685,Tractor,2817,78.70896798511558,23.788515033385735,5.445695803606238,4,1
MAQ-0686,Harvester,2432,90.36851177041464,16.18633654227067,12.873529290218821,15,1
MAQ-0687,Harvester,3476,86.3707013179746,68.91107482299671,14.26026048060347,12,1
MAQ-0688,Tractor,4624,66.33988105570464,71.50088761554179,13.387971647744061,3,1
MAQ-0689,Tractor,1600,98.44957888141238,23.414506038440337,11.346937663151216,14,1
MAQ-0690,Harvester,385,72.96229095057598,33.590798307102425,4.884505516149357,17,0
MAQ-0691,Harvester,7411,97.17527729386978,16.228665435664023,4.942624589478845,19,1
MAQ-0692,Harvester,3595,99.01206554388921,35.53160275463953,14.487044486244532,6,1
MAQ-0693,Tractor,7286,69.12149118771889,69.119931174307,1.1439829430996884,4,0
MAQ-0694,Harvester,2165,63.680977626640086,51.25723693988053,11.024699625390022,7,0
MAQ-0695,Harvester,868,106.84569516410639,39.36669152178017,10.887446275773671,19,1
MAQ-0696,Harvester,6833,87.5880254261592,41.02175064344312,9.717653573297165,17,0
MAQ-0697,Tractor,5590,63.48982773032855,15.09475380008277,14.861523845216121,16,1
MAQ-0698,Harvester,7442,119.69197903018602,35.98603692956651,5.366312100692153,15,1
MAQ-0699,Harvester,3157,63.466833659782,60.25211191465513,5.759606093105474,8,0
MAQ-0700,Tractor,4389,101.7021137315132,83.193611067145,2.1051516412517777,19,0
MAQ-0701,Harvester,6745,119.02073551580482,74.29425788887296,7.199173911612324,8,1
MAQ-0702,Harvester,5183,74.35080625295554,16.651647525187038,4.654679367287873,18,1
MAQ-0703,Tractor,5332,68.53496212123177,77.89924232723875,5.807413830487019,16,0
MAQ-0704,Harvester,2261,67.28309636534573,69.82388893090382,12.684005063578788,19,1
MAQ-0705,Tractor,3393,78.19650885405574,69.62632864996863,14.09678318938494,10,1
MAQ-0706,Tractor,5897,66.0627486606388,47.05970313025,3.6002630080725986,17,0
MAQ-0707,Harvester,1046,101.52968050164792,42.8603705068152,6.215125041748522,13,0
MAQ-0708,Harvester,5026,63.73750788780376,36.204101018323485,14.000827869615517,13,1
MAQ-0709,Harvester,7911,90.56532768898738,19.598640126805606,1.8653184496491169,7,1
MAQ-0710,Harvester,6116,119.8018112311786,30.976475444558936,2.2930473935592994,10,1
MAQ-0711,Tractor,3435,108.83821617036114,32.262254448461725,3.279073848887211,2,1
MAQ-0712,Harvester,7168,96.91316629386066,48.88539487971411,9.332979677776247,4,0
MAQ-0713,Tractor,4250,78.3752172471967,67.32110846176857,3.106611794083965,6,0
MAQ-0714,Harvester,7910,97.43375017749831,48.166687987856264,14.55306934031027,18,1
MAQ-0715,Harvester,4995,91.6224878346991,19.049111461301244,7.254003381619285,6,1
MAQ-0716,Harvester,4973,85.56500303342229,82.04528606917427,8.02125144490233,17,0
MAQ-0717,Tractor,1581,67.84262260441197,80.99070233658786,4.45322062127569,14,0
MAQ-0718,Harvester,2001,113.196252914428,69.9632680203886,7.593443534086269,11,1
MAQ-0719,Harvester,6405,86.98707892927935,84.39295310949544,10.266790856918162,19,0
MAQ-0720,Harvester,3551,71.6773507092459,53.113763296018405,11.516479917356598,2,0
MAQ-0721,Harvester,4164,82.06556105263738,82.39378451772443,11.554153157938782,3,0
MAQ-0722,Tractor,6330,84.84778515173562,20.292352843172555,9.090475577717237,11,1
MAQ-0723,Harvester,154,109.65227373401245,40.59765237829599,13.661036849914002,6,1
MAQ-0724,Tractor,7743,104.01686283368412,30.776688760473608,12.443709862285532,14,1
MAQ-0725,Tractor,1923,106.15829361848039,28.708315889398904,11.598673605780757,19,1
MAQ-0726,Tractor,5397,60.661875865718834,24.856206422487325,1.7784773035264487,16,1
MAQ-0727,Tractor,3562,84.96923989078569,58.56895490961976,1.0962914710750904,7,0
MAQ-0728,Tractor,7616,88.88064909811942,69.69252990231135,3.9742618807366217,8,0
MAQ-0729,Tractor,3179,61.1515366093834,55.480887959425246,10.289330314788332,19,0
MAQ-0730,Harvester,932,75.58879252470206,25.28738967117468,6.756764844355642,16,0
MAQ-0731,Tractor,4508,105.6173893873281,71.77866389534296,6.633687630190364,7,1
MAQ-0732,Tractor,2906,68.22658234373995,59.516829501461,13.384216435214592,9,1
MAQ-0733,Tractor,6054,92.11860788715549,42.171599428889685,13.537879873845743,13,1
MAQ-0734,Harvester,6203,72.91211232103424,62.18912068752441,13.7284536967502,1,1
MAQ-0735,Harvester,6202,60.727246478633596,33.193348546998294,5.394293071210383,8,0
MAQ-0736,Tractor,2590,74.47208745597248,39.16345459459474,10.674781378349664,4,0
MAQ-0737,Harvester,5986,118.55242529460322,79.22400901923932,4.802864537841175,3,1
MAQ-0738,Tractor,427,108.09222671297937,35.33531539699943,3.6685376630422972,3,1
MAQ-0739,Tractor,7321,117.574598659262,47.89917877105556,3.584854402863169,13,1
MAQ-0740,Harvester,7004,89.27124263558174,77.30987961772102,5.789506692090317,8,0
MAQ-0741,Tractor,3410,66.5841719206502,64.54049451872692,7.019406676917504,7,0
MAQ-0742,Harvester,3400,92.87756933842158,19.35422583152919,12.633288394770958,1,1
MAQ-0743,Harvester,6822,87.26264007359765,25.311213099527926,2.678475308617969,16,0
MAQ-0744,Tractor,7318,110.66142496437695,15.548911354034177,11.288961863528518,6,1
MAQ-0745,Tractor,7876,65.88495484705467,59.164525316041434,8.440368798650276,7,0
MAQ-0746,Harvester,3775,89.29446822130669,46.33713977872928,5.0312347974638945,12,0
MAQ-0747,Tractor,3154,69.00291988163906,24.399239563159288,7.899474183459544,9,1
MAQ-0748,Tractor,5483,79.4805556134036,82.05538847397393,5.199188976878317,11,0
MAQ-0749,Tractor,7685,104.24142464326798,52.076180676193395,9.345147373336284,10,0
MAQ-0750,Harvester,2243,88.561087762126,31.932530587902242,7.073814919973419,1,0
MAQ-0751,Harvester,5307,82.55329710874616,50.04224998082953,3.301677407104302,18,0
MAQ-0752,Tractor,7345,83.66857671420212,62.573423291457544,2.6321630437797543,4,0
MAQ-0753,Harvester,1411,87.5668061043592,20.336745258149513,8.653739549009822,5,1
MAQ-0754,Harvester,3291,107.10099263022342,34.22926705335244,13.633782466005448,9,1
MAQ-0755,Harvester,7057,113.52508133641406,71.48758436187956,5.815407611807598,17,1
MAQ-0756,Harvester,2638,117.3200811902357,47.176540928186284,11.262001501116725,3,1
MAQ-0757,Harvester,4083,107.2142031753177,53.26039994226064,10.221258969156738,16,1
MAQ-0758,Tractor,4647,78.92441374488077,45.29712015466285,14.041768800332735,5,1
MAQ-0759,Tractor,5719,101.28808236519254,18.07299598501036,12.493734242187973,16,1
MAQ-0760,Tractor,264,86.25618744332351,26.602484587410913,8.932473624676483,3,0
MAQ-0761,Harvester,4377,75.28023732276307,46.187914711932365,10.198426975277503,15,0
MAQ-0762,Harvester,6712,110.45229476555537,29.64298257855495,13.577410532176488,3,1
MAQ-0763,Tractor,5105,62.3055809377395,18.498532006177513,6.593262984217088,14,1
MAQ-0764,Harvester,6978,114.1057195281254,74.05547648362767,5.575125882008884,16,1
MAQ-0765,Tractor,922,87.68864787748404,83.6834770414881,1.1513551708927487,17,0
MAQ-0766,Tractor,1043,98.23208860849682,70.52000117977175,12.5717150386805,18,1
MAQ-0767,Tractor,6197,99.56123533234697,74.76494451932669,12.213729805647109,18,1
MAQ-0768,Harvester,6250,113.70706444239218,31.938399122193175,2.4623632534021196,14,1
MAQ-0769,Harvester,4525,98.20018093003245,82.24388828592399,9.076003335857804,18,0
MAQ-0770,Tractor,874,96.8360150856037,28.784799311739988,7.4957437743364235,15,0
MAQ-0771,Tractor,7940,63.999122433641396,81.60008672532825,2.6619273371275605,15,0
MAQ-0772,Tractor,2298,91.10448131671225,84.63735057761657,14.727955178850129,6,1
MAQ-0773,Tractor,3256,69.0101400490225,64.8205964022234,4.005742424486976,15,0
MAQ-0774,Harvester,4342,104.24602612328914,83.68006122542754,1.941278521267856,18,0
MAQ-0775,Harvester,3795,90.73331524876048,54.86778456969726,9.327863313026734,4,0
MAQ-0776,Tractor,3552,100.8136667525012,33.16792482232633,11.344133479862457,8,0
MAQ-0777,Tractor,1014,62.50037403614306,45.589711996593465,1.4542082446606175,15,0
MAQ-0778,Harvester,5767,65.08752096274819,56.54926547651502,10.22204694217831,3,0
MAQ-0779,Harvester,1408,102.97940328376094,20.115709341891048,8.452086263320362,15,1
MAQ-0780,Tractor,6943,64.3250601599204,58.56402852320723,2.445710124250678,13,0
MAQ-0781,Tractor,4277,64.27540366591552,83.68244857336062,3.4153342772490687,9,0
MAQ-0782,Tractor,613,60.72650851409325,28.307535484860935,8.951640162425127,2,0
MAQ-0783,Harvester,2020,117.39008389796881,70.48165814018682,5.149006589186037,8,1
MAQ-0784,Harvester,7058,104.25050156754043,78.55291556457335,14.136420201118424,17,1
MAQ-0785,Harvester,6952,81.19508451012385,81.05911149741546,12.462363212776712,13,1
MAQ-0786,Tractor,6135,77.79213487725931,82.2094923083813,14.769940891191283,1,1
MAQ-0787,Tractor,3694,80.98219378475098,51.502174710503034,4.635391745305796,2,0
MAQ-0788,Harvester,4941,106.47921187087091,83.41155355940526,14.576130859171679,15,1
MAQ-0789,Harvester,7266,99.68223666422486,68.01171449941072,7.037274177081811,12,0
MAQ-0790,Tractor,1509,71.11173407204808,26.317000536587333,5.865263134392565,14,0
MAQ-0791,Harvester,4902,70.44656012004506,48.3830074527579,1.7048933775709454,2,0
MAQ-0792,Harvester,4666,65.90373898280384,65.28318227604028,1.7387136100344367,18,0
MAQ-0793,Tractor,3290,99.61816318208028,32.31382210733584,10.688157583253165,7,0
MAQ-0794,Harvester,4591,105.86235973330416,59.843062848422115,7.411005922076391,6,1
MAQ-0795,Tractor,1655,75.90278569950024,61.66203353326335,4.17130276450548,14,0
MAQ-0796,Tractor,6504,61.256697661854766,26.38898206659961,9.595584288553257,8,0
MAQ-0797,Tractor,904,64.93030004858564,54.55597187169294,4.540013655501556,2,0
MAQ-0798,Tractor,5129,118.07160209070183,69.01388376850254,9.086844560821916,17,1
MAQ-0799,Tractor,1379,77.72668664864521,49.92269651751593,6.028922457757664,5,0
MAQ-0800,Tractor,5953,106.15338887028801,15.84721817432752,12.529731172565466,14,1
MAQ-0801,Tractor,5100,97.47981413125584,15.632692835550452,12.48974625073491,3,1
MAQ-0802,Harvester,7493,82.91637837917375,39.99205407790085,7.682905573713619,5,0
MAQ-0803,Tractor,5272,72.3412357317333,79.83358479022473,5.911467530690218,16,0
MAQ-0804,Tractor,7183,67.28318508956438,31.007374572252616,6.075837151827324,18,0
MAQ-0805,Harvester,6086,96.900778082332,59.4054582210181,12.28000335935505,17,1
MAQ-0806,Harvester,5719,106.47802683826728,30.54531094853244,5.594512759166568,11,1
MAQ-0807,Harvester,3677,98.63425521246785,37.5168992761684,3.9268312318958443,17,0
MAQ-0808,Tractor,3001,91.81812799494949,74.36294627210387,2.1856367862542956,16,0
MAQ-0809,Harvester,1487,62.517073405898174,66.02030095889629,7.533703692381717,2,0
MAQ-0810,Tractor,5499,118.10932665566303,21.677949411924743,7.749849384877786,4,1
MAQ-0811,Tractor,4788,107.92285149927447,45.00914146905035,12.7727219456407,7,1
MAQ-0812,Tractor,2861,77.56932220205789,17.041883455168513,4.097341750244896,2,1
MAQ-0813,Tractor,7425,118.79821976153104,48.66231026221063,6.333877831357599,6,1
MAQ-0814,Harvester,2779,96.11289537817933,61.37038081907477,12.317680344511674,17,1
MAQ-0815,Harvester,2206,94.94535949243479,23.29518365187061,12.530730550485629,7,1
MAQ-0816,Tractor,7994,104.88439076577193,35.221945723641596,6.384555063702755,5,0
MAQ-0817,Tractor,4323,108.70618728540825,42.848563785150986,7.427736326013532,5,1
MAQ-0818,Tractor,4931,99.38871643989016,79.36717172592348,5.246002471889961,16,0
MAQ-0819,Harvester,2868,67.685744781972,84.52785107960749,14.055768297870369,19,1
MAQ-0820,Tractor,4053,80.2960503596699,18.14379092969311,2.661012720382124,9,1
MAQ-0821,Tractor,3286,115.685018419563,68.27055464467745,14.07249192202058,5,1
MAQ-0822,Harvester,3380,73.47693671063112,41.02068464816402,10.574130325694805,8,0
MAQ-0823,Harvester,2673,82.3300214302508,42.472073036063605,8.442010137614236,9,0
MAQ-0824,Tractor,4716,85.92461297665176,67.7985481342916,1.4572268509829422,5,0
MAQ-0825,Harvester,2699,86.36429938166714,79.2898502501786,7.658346685508116,10,0
MAQ-0826,Harvester,4133,96.77637494967152,81.56500161517839,6.708473470038252,2,0
MAQ-0827,Tractor,336,116.58455026468246,55.39858102268246,3.257063367651716,9,1
MAQ-0828,Harvester,1404,74.44156270995029,39.99848115103519,10.189734449009197,11,0
MAQ-0829,Tractor,3530,67.29008257805508,70.12843601011454,14.596112703156,4,1
MAQ-0830,Harvester,7468,71.84822939159623,32.57009682836102,8.87064335490335,2,0
MAQ-0831,Tractor,5977,113.21549401255618,54.485182018346244,11.006545870215241,6,1
MAQ-0832,Tractor,1401,98.74864875931236,40.10049230674112,1.958306335924235,14,0
MAQ-0833,Tractor,7502,77.15440735434962,60.964175159551324,6.847337941437926,1,0
MAQ-0834,Harvester,2641,108.95681633811704,31.827923902545482,2.629018792302942,18,1
MAQ-0835,Tractor,2151,111.68219978180616,28.411506201437803,9.579141697511146,7,1
MAQ-0836,Harvester,6909,110.79086032141669,79.2767360672806,14.138750214998165,1,1
MAQ-0837,Tractor,541,115.13559201837327,22.126257806467585,10.264888254602939,1,1
MAQ-0838,Tractor,2176,75.1344612104017,50.41705354144521,2.0752426764019014,1,0
MAQ-0839,Harvester,3280,105.3025157247767,30.459694807410624,5.965326869791159,4,1
MAQ-0840,Tractor,2757,87.6323698364484,17.725097432796723,8.709287312171922,4,1
MAQ-0841,Tractor,3898,110.5199131734037,17.52131728039985,6.644908585865531,18,1
MAQ-0842,Harvester,904,103.70944062969679,27.265524047407915,12.671016146652413,11,1
MAQ-0843,Tractor,174,106.58684678998347,75.67392481542001,12.405394065939849,1,1
MAQ-0844,Tractor,7081,99.36971026086428,34.77351207839187,9.5656342814451,10,0
MAQ-0845,Tractor,7413,70.6457261681824,81.5321419402707,6.228411231857874,9,0
MAQ-0846,Tractor,2275,92.70161513381629,55.71356050924355,4.574709232685418,4,0
MAQ-0847,Harvester,4024,119.0801843714705,45.562993283813626,2.4822404549838106,6,1
MAQ-0848,Harvester,2189,116.24328398982713,55.60621842686182,5.968567568811757,16,1
MAQ-0849,Tractor,5575,62.5904241478207,51.168886965838745,6.784415240908073,2,0
MAQ-0850,Harvester,140,69.88888894376623,68.11433776301277,10.46152095145703,18,0
MAQ-0851,Tractor,7177,67.90372640727371,34.774724618099654,10.214237540166028,10,0
MAQ-0852,Harvester,2181,103.55879459911773,39.713527412021165,1.9815139549775973,17,0
MAQ-0853,Tractor,7284,109.0671197914167,77.58660117732755,6.533630416036209,13,1
MAQ-0854,Tractor,5896,72.81068197864032,81.25195592052839,3.544904141043067,18,0
MAQ-0855,Tractor,7420,90.35116157710974,77.4790759240532,3.1953778744352794,13,0
MAQ-0856,Tractor,7241,110.44218168067201,44.36135957701195,12.582230096321442,17,1
MAQ-0857,Tractor,5597,103.96809268597504,69.62558521048172,1.5868130340276054,5,0
MAQ-0858,Tractor,4783,92.5342323295109,48.343501331076915,6.868560262629699,11,0
MAQ-0859,Harvester,1722,95.42086142752638,49.82778965022715,3.354851180731255,7,0
MAQ-0860,Tractor,7896,90.5016328149768,29.327607634009876,13.310623019498637,10,1
MAQ-0861,Harvester,441,77.85290707912924,56.37912122809615,8.79856718585049,17,0
MAQ-0862,Tractor,4152,93.90131957154097,28.029512842734356,4.239328909275873,15,0
MAQ-0863,Harvester,2174,101.33311812300545,38.20952893470356,8.033982020329269,18,0
MAQ-0864,Harvester,7554,112.39937495164847,74.85211411339546,11.240809035843622,19,1
MAQ-0865,Harvester,745,98.1774812387549,29.495306644759864,14.413652124872073,2,1
MAQ-0866,Tractor,4926,105.66729222258948,19.981079962140296,4.086244059435865,4,1
MAQ-0867,Tractor,4363,69.60429809727438,19.830531482897143,13.406544809810832,3,1
MAQ-0868,Harvester,709,87.6934484651874,80.85491643521755,14.080257598344863,7,1
MAQ-0869,Tractor,6511,60.559897189625595,50.484430657328424,13.829887623448927,18,1
MAQ-0870,Harvester,5968,74.80073187129739,43.65884502719128,9.895800996066738,10,0
MAQ-0871,Tractor,6236,103.5877029067803,71.76150067055428,9.817489162085907,7,0
MAQ-0872,Harvester,7064,119.5085970809618,73.50781495373613,6.644948864573519,8,1
MAQ-0873,Harvester,554,65.95068597523296,38.25337231809232,11.533570352253031,6,0
MAQ-0874,Tractor,3053,84.0896589516773,63.55326402316567,8.438116256913048,1,0
MAQ-0875,Harvester,1808,108.00425812194956,68.97859710963206,10.484132997196122,4,1
MAQ-0876,Tractor,3572,72.24213807773393,60.82554808061681,6.998410653883136,14,0
MAQ-0877,Harvester,3069,93.30509695813717,25.611655236006957,11.240950496603947,17,0
MAQ-0878,Harvester,3128,103.98427776178049,76.311815846194,12.542601246463686,18,1
MAQ-0879,Tractor,7743,96.95912701561073,52.73661869152061,3.0501075924394256,11,0
MAQ-0880,Tractor,4897,71.28148407692497,34.77306984590026,12.661016018039192,14,1
MAQ-0881,Tractor,2781,81.32307412114437,44.76597298063857,8.5641514450643,9,0
MAQ-0882,Harvester,3729,107.02750706912383,17.629976327923515,12.82532272726314,15,1
MAQ-0883,Tractor,5795,93.253590847921,23.950676085569228,7.038223888774205,12,1
MAQ-0884,Harvester,4325,60.313776812574766,68.58827253611025,6.306566795362491,10,0
MAQ-0885,Harvester,3167,105.65944560168563,15.00081443287563,13.810850255241114,19,1
MAQ-0886,Tractor,6041,62.118681296414344,44.15960799376045,4.516369745677618,19,0
MAQ-0887,Tractor,1486,104.74402696387392,51.57571267599119,12.818972554006002,6,1
MAQ-0888,Harvester,3876,72.14883360991425,18.82440940006806,7.776288015131658,6,1
MAQ-0889,Harvester,2966,117.48440880716282,83.1154714080633,8.197336195717636,8,1
MAQ-0890,Tractor,4888,82.07644507812506,30.828773187477033,5.318555940852776,1,0
MAQ-0891,Tractor,3463,79.61589698028475,36.293910374539664,9.02259080866622,17,0
MAQ-0892,Tractor,5590,68.93328301994669,36.27597585785192,5.552956747866959,17,0
MAQ-0893,Tractor,4989,78.3362529294129,31.129166348214493,1.5497717993831324,15,0
MAQ-0894,Tractor,4224,112.59904570969204,15.1031675460418,4.807980474820985,7,1
MAQ-0895,Harvester,248,119.78006025763483,66.05413558615975,1.0893066076922695,19,1
MAQ-0896,Harvester,3950,82.0985718304109,82.67918498594997,14.696967018795993,3,1
MAQ-0897,Harvester,5515,86.91663785727255,30.700543829953155,14.520460937476464,11,1
MAQ-0898,Harvester,2158,103.32425629216422,61.41330342623957,6.532174164612271,19,0
MAQ-0899,Tractor,7779,113.17174682790447,66.93274288711007,11.197191960755044,9,1
MAQ-0900,Tractor,6919,95.58266005120706,74.38977653633674,5.841285377745949,10,0
MAQ-0901,Tractor,1236,83.49154189066977,44.584043790952634,10.395304199203665,2,0
MAQ-0902,Harvester,286,84.75731045091743,36.205163394830045,12.276020602643708,1,1
MAQ-0903,Harvester,2954,101.73708878980841,37.77065938161218,14.254587425691371,16,1
MAQ-0904,Tractor,6987,60.19309581625672,64.88349331689591,6.6029718618954085,18,0
MAQ-0905,Tractor,1350,97.17536024759045,72.17456265539452,11.966171761384668,17,0
MAQ-0906,Harvester,1433,81.32958062648144,27.712977742962188,4.722998308849663,6,0
MAQ-0907,Harvester,4293,107.65183987662505,40.96587057104357,14.864652253111077,14,1
MAQ-0908,Tractor,4250,65.57943838938793,78.1358137724405,1.360774382700916,15,0
MAQ-0909,Tractor,6866,95.29213601690343,71.46854637863174,9.449403291015694,14,0
MAQ-0910,Harvester,2811,88.85837339316743,83.94008819337331,10.23308374311858,3,0
MAQ-0911,Tractor,4953,98.53953155431364,67.79737817774566,10.632637799037804,19,0
MAQ-0912,Tractor,4601,63.8912156689781,42.523664071954556,2.685426103047246,12,0
MAQ-0913,Tractor,6312,94.79902724568788,56.344648379624644,14.139416968623825,2,1
MAQ-0914,Harvester,7579,93.68907527757142,61.27099779731242,3.536565906701159,3,0
MAQ-0915,Harvester,5508,93.63960566497025,20.491907142198677,9.718547645357775,18,1
MAQ-0916,Harvester,1885,96.20925999578729,53.114787137270554,4.11746510772319,1,0
MAQ-0917,Harvester,7815,100.58807623358173,64.65245799308266,5.301029838297793,6,0
MAQ-0918,Harvester,850,108.29933998084618,26.712491280074225,8.650419584193742,5,1
MAQ-0919,Harvester,7415,76.18924320769287,69.64422021978899,6.840707859904071,1,0
MAQ-0920,Harvester,7734,109.50296461080373,55.86409463598781,3.243158413671088,19,1
MAQ-0921,Tractor,1862,89.89534093580721,81.65552499883162,3.393109633891876,1,0
MAQ-0922,Tractor,7511,64.62349674805986,17.96956087448242,6.854027034279195,16,1
MAQ-0923,Tractor,7758,63.51305575463875,33.57282962888269,11.60196169585701,12,0
MAQ-0924,Tractor,4020,80.05429912176365,57.10877155098768,13.57150505586904,8,1
MAQ-0925,Tractor,7201,107.09381862668806,35.759193854415145,2.1777872716313595,16,1
MAQ-0926,Tractor,7774,102.46085608445495,65.00969148498694,6.503454705831615,1,0
MAQ-0927,Tractor,4560,107.31689788034438,68.13036977653516,2.403437892120273,4,1
MAQ-0928,Harvester,6222,91.03614338649656,22.17611748465321,1.2322947288563704,10,1
MAQ-0929,Harvester,581,86.41193987732943,50.96981249447374,10.264061557015392,11,0
MAQ-0930,Tractor,6444,68.84715160237704,50.622338891373914,9.434292187532229,17,0
MAQ-0931,Tractor,253,79.6915652165587,40.84965391508787,3.282267593408407,7,0
MAQ-0932,Harvester,7717,86.04116197043251,80.30474037987705,4.273379663302897,12,0
MAQ-0933,Tractor,1624,65.31602578077704,72.92544239112549,1.3319085510232573,7,0
MAQ-0934,Tractor,2220,73.23671716267268,63.80465673367458,12.689260879721653,12,1
MAQ-0935,Harvester,6956,95.89351764382434,65.00286450144984,14.64566834467972,15,1
MAQ-0936,Tractor,2443,104.1397868543514,47.32013006691834,2.896433515125671,2,0
MAQ-0937,Harvester,5236,119.90085068357698,79.46961647676031,4.240652992714174,14,1
MAQ-0938,Tractor,5860,115.98679988061346,63.62167990772998,13.157733335257078,13,1
MAQ-0939,Harvester,1340,98.5539119721115,66.02867431590715,13.970493171386588,4,1
MAQ-0940,Harvester,160,85.27488319764433,75.31836326511416,6.8747833592953445,14,0
MAQ-0941,Harvester,1038,98.17064188249395,34.18501125395337,1.7087146117670378,14,0
MAQ-0942,Tractor,1739,107.13909708481393,71.49496327066922,1.5514856716994716,16,1
MAQ-0943,Harvester,6285,67.10017145540324,28.666842206954442,9.035298124966147,7,0
MAQ-0944,Tractor,4220,84.59429338177729,39.17393665714215,6.500531524504506,19,0
MAQ-0945,Tractor,5258,110.38813713813704,38.49273179888899,1.4011339860871632,2,1
MAQ-0946,Tractor,4326,83.02997711598263,83.49678278723984,9.165533492375795,10,0
MAQ-0947,Tractor,3669,94.31233627363119,74.95760566235488,1.1582355122463146,18,0
MAQ-0948,Harvester,1352,95.26616165173189,64.08189031131818,12.023207414089821,17,1
MAQ-0949,Harvester,4303,71.06857518801836,65.89397331307731,5.290059517847202,5,0
MAQ-0950,Tractor,271,81.7341264991373,54.345095608179975,1.5636120421292494,12,0
MAQ-0951,Tractor,1558,80.07067732451593,81.29634669759633,9.236931093764147,6,0
MAQ-0952,Harvester,3649,61.571802511923885,49.73811270176531,6.567581802062765,9,0
MAQ-0953,Tractor,4297,61.45150583348131,41.636239690892616,14.633205787000094,1,1
MAQ-0954,Harvester,7109,109.9018226205464,26.41247358521137,8.61878127505183,15,1
MAQ-0955,Tractor,6767,76.38424859836874,70.03439565827406,4.8533485345181155,6,0
MAQ-0956,Tractor,2422,91.08472597432893,66.4110752452914,10.932144104875647,19,0
MAQ-0957,Harvester,1736,77.92353441532639,41.904852696689446,4.800888035597959,18,0
MAQ-0958,Tractor,3215,116.44075470692043,16.763538977146055,13.659406079705912,6,1
MAQ-0959,Harvester,4190,75.55780553194643,73.72981294026076,6.24610758710327,13,0
MAQ-0960,Tractor,7060,85.7794087643361,15.799258841785154,8.698159878866873,1,1
MAQ-0961,Tractor,3104,112.36381502907611,64.25898457403358,1.708023453539204,13,1
MAQ-0962,Tractor,5236,110.51601400750852,82.91799768082399,6.965697331331231,7,1
MAQ-0963,Harvester,429,71.16608507077663,45.63629297037424,12.65308955525393,15,1
MAQ-0964,Tractor,3740,108.15859858774263,31.448138349716693,12.279083275086787,12,1
MAQ-0965,Tractor,3994,87.49121320427356,64.34097070303672,4.140459823949367,1,0
MAQ-0966,Tractor,5716,88.97813232512131,72.19896994109095,4.1651069941478776,15,0
MAQ-0967,Tractor,4207,68.00879834495663,53.25012212544931,12.442274370985315,4,1
MAQ-0968,Harvester,1441,64.83609082542748,82.69246926793024,14.025577882370557,13,1
MAQ-0969,Harvester,3763,103.6763584184259,18.616810516057278,2.3350528978220497,5,1
MAQ-0970,Tractor,315,89.78766914131799,50.33569188131697,7.300820951967154,2,0
MAQ-0971,Harvester,438,86.21104215691076,65.2917763125785,5.724359905499206,1,0
MAQ-0972,Tractor,5995,103.7704937191438,75.38483298044252,13.189638376404151,16,1
MAQ-0973,Tractor,4162,105.93077393946658,27.547892833545305,2.1693488055202628,6,1
MAQ-0974,Tractor,2808,69.53449006016122,71.0002437234577,3.9557631958125237,16,0
MAQ-0975,Harvester,3252,96.61350896865848,53.68949530029817,11.534556726210921,14,0
MAQ-0976,Harvester,1850,68.12124493666113,42.75875773929742,1.7181138857370182,3,0
MAQ-0977,Harvester,5704,105.08250516174274,24.220052000536548,7.89549533000005,15,1
MAQ-0978,Harvester,2521,99.41730937602837,75.57070312362387,7.18949848551608,3,0
MAQ-0979,Harvester,7219,117.39687726500748,26.009124572580074,5.681616505842481,2,1
MAQ-0980,Harvester,809,64.13748098138527,36.68515014463695,6.5240124144649325,1,0
MAQ-0981,Harvester,5419,63.423283269075256,35.30318723737058,8.41916821702326,9,0
MAQ-0982,Harvester,7804,76.93122448159201,75.9989823933598,3.2591430174373635,9,0
MAQ-0983,Harvester,6709,75.70234102415435,62.08920959462286,9.007942295970299,7,0
MAQ-0984,Tractor,5308,74.81872794431999,70.76769780339606,12.276052610199809,3,1
MAQ-0985,Harvester,5487,114.3752748312622,32.53275291547493,11.642253017062227,18,1
MAQ-0986,Harvester,3826,74.97277199097036,58.74118697248992,3.1545986657128315,11,0
MAQ-0987,Harvester,3742,76.31698356771786,55.022218820062406,3.0894925763806347,7,0
MAQ-0988,Harvester,4093,105.56389574507782,73.29812637517898,4.7544411484287865,9,1
MAQ-0989,Harvester,588,86.9843905470324,78.42609423368825,6.0550461687745205,1,0
MAQ-0990,Harvester,5757,106.60263341731087,15.850974003417077,6.718378139718756,14,1
MAQ-0991,Harvester,146,63.92196945386311,62.18139433411549,10.515761035666834,6,0
MAQ-0992,Harvester,3459,89.25427162040306,18.628505938381032,1.7935260503216957,7,1
MAQ-0993,Harvester,4973,62.016816010996955,53.42010655541492,1.4854178591649294,10,0
MAQ-0994,Harvester,5235,63.75919220732127,35.13429103305747,6.486747881214726,7,0
MAQ-0995,Harvester,4906,114.38624720066466,36.474361966549885,10.760291689931726,2,1
MAQ-0996,Tractor,500,68.3547222670557,39.70709524166496,3.708094801390756,4,0
MAQ-0997,Tractor,4090,91.94524093651303,58.490471433472706,9.981062737587523,17,0
MAQ-0998,Harvester,6013,84.66573615604239,38.38349759681385,4.637593931164193,1,0
MAQ-0999,Harvester,7224,80.84059957553056,66.28893354131964,13.40520552338923,10,1
MAQ-1000,Tractor,3257,113.99000074123634,43.31691699017088,13.53965921973263,19,1
